"anchor","pool_rank","gene","degree","match_distance"
"ARG1",1,"ACSL1",21,0
"ARG1",2,"ADH5",21,0
"ARG1",3,"ATF6",21,0
"ARG1",4,"BID",21,0
"ARG1",5,"BMP2",21,0
"ARG1",6,"CACNB3",21,0
"ARG1",7,"CACNG1",21,0
"ARG1",8,"CDH5",21,0
"ARG1",9,"CFLAR",21,0
"ARG1",10,"COL1A2",21,0
"ARG1",11,"CPT1A",21,0
"ARG1",12,"EIF2AK2",21,0
"ARG1",13,"ERN1",21,0
"ARG1",14,"FEN1",21,0
"ARG1",15,"FOXM1",21,0
"ARG1",16,"GABRA1",21,0
"ARG1",17,"GATM",21,0
"ARG1",18,"GLUD1",21,0
"ARG1",19,"GRIN2D",21,0
"ARG1",20,"GSTM2",21,0
"ARG1",21,"HSPA1B",21,0
"ARG1",22,"HTR3A",21,0
"ARG1",23,"IGFBP3",21,0
"ARG1",24,"KLF4",21,0
"ARG1",25,"NFKB2",21,0
"ARG1",26,"NPPA",21,0
"ARG1",27,"PLA2G4A",21,0
"ARG1",28,"RAC1",21,0
"ARG1",29,"SMAD7",21,0
"ARG1",30,"TRPV4",21,0
"ARG1",31,"TYMS",21,0
"ARG1",32,"YWHAE",21,0
"ARG1",33,"ACTG1",22,0.0462688735665027
"ARG1",34,"ADCY2",22,0.0462688735665027
"ARG1",35,"ADH4",22,0.0462688735665027
"ARG1",36,"AGTR1",22,0.0462688735665027
"ARG1",37,"AKR1C1",22,0.0462688735665027
"ARG1",38,"ALDH3A1",22,0.0462688735665027
"ARG1",39,"APAF1",22,0.0462688735665027
"ARG1",40,"CCR6",22,0.0462688735665027
"ARG1",41,"CX3CR1",22,0.0462688735665027
"ARG1",42,"CYBA",22,0.0462688735665027
"ARG1",43,"CYP11B2",22,0.0462688735665027
"ARG1",44,"CYP2D6",22,0.0462688735665027
"ARG1",45,"DDIT3",22,0.0462688735665027
"ARG1",46,"DLG1",22,0.0462688735665027
"ARG1",47,"DPP4",22,0.0462688735665027
"ARG1",48,"FABP4",22,0.0462688735665027
"ARG1",49,"FGF1",22,0.0462688735665027
"ARG1",50,"GABBR1",22,0.0462688735665027
"LCN2",1,"ADRB2",23,0
"LCN2",2,"ALDH1A2",23,0
"LCN2",3,"ALDH1A3",23,0
"LCN2",4,"ALDH2",23,0
"LCN2",5,"ATG5",23,0
"LCN2",6,"BAX",23,0
"LCN2",7,"CYP1B1",23,0
"LCN2",8,"DRD2",23,0
"LCN2",9,"EPOR",23,0
"LCN2",10,"IRF1",23,0
"LCN2",11,"ITGA5",23,0
"LCN2",12,"KDM1A",23,0
"LCN2",13,"PLAU",23,0
"LCN2",14,"PRKAG2",23,0
"LCN2",15,"PRKDC",23,0
"LCN2",16,"SELE",23,0
"LCN2",17,"SLC6A3",23,0
"LCN2",18,"STAT4",23,0
"LCN2",19,"TEK",23,0
"LCN2",20,"ACACA",24,0.0424907268903086
"LCN2",21,"ACE2",24,0.0424907268903086
"LCN2",22,"ADCY1",24,0.0424907268903086
"LCN2",23,"ADH7",24,0.0424907268903086
"LCN2",24,"BGLAP",24,0.0424907268903086
"LCN2",25,"BTK",24,0.0424907268903086
"LCN2",26,"CACNA1B",24,0.0424907268903086
"LCN2",27,"CCL22",24,0.0424907268903086
"LCN2",28,"CS",24,0.0424907268903086
"LCN2",29,"GRIN2C",24,0.0424907268903086
"LCN2",30,"KEAP1",24,0.0424907268903086
"LCN2",31,"LGALS3",24,0.0424907268903086
"LCN2",32,"MT-CYB",24,0.0424907268903086
"LCN2",33,"NCOA2",24,0.0424907268903086
"LCN2",34,"NOD2",24,0.0424907268903086
"LCN2",35,"PCNA",24,0.0424907268903086
"LCN2",36,"RARA",24,0.0424907268903086
"LCN2",37,"RYR2",24,0.0424907268903086
"LCN2",38,"SCN1B",24,0.0424907268903086
"LCN2",39,"SDHA",24,0.0424907268903086
"LCN2",40,"SFN",24,0.0424907268903086
"LCN2",41,"SHH",24,0.0424907268903086
"LCN2",42,"TGFA",24,0.0424907268903086
"LCN2",43,"ACTG1",22,0.0442993776780954
"LCN2",44,"ADCY2",22,0.0442993776780954
"LCN2",45,"ADH4",22,0.0442993776780954
"LCN2",46,"AGTR1",22,0.0442993776780954
"LCN2",47,"AKR1C1",22,0.0442993776780954
"LCN2",48,"ALDH3A1",22,0.0442993776780954
"LCN2",49,"APAF1",22,0.0442993776780954
"LCN2",50,"CCR6",22,0.0442993776780954
"LTF",1,"ACACA",24,0
"LTF",2,"ACE2",24,0
"LTF",3,"ADCY1",24,0
"LTF",4,"ADH7",24,0
"LTF",5,"BGLAP",24,0
"LTF",6,"BTK",24,0
"LTF",7,"CACNA1B",24,0
"LTF",8,"CCL22",24,0
"LTF",9,"CS",24,0
"LTF",10,"GRIN2C",24,0
"LTF",11,"KEAP1",24,0
"LTF",12,"LGALS3",24,0
"LTF",13,"MT-CYB",24,0
"LTF",14,"NCOA2",24,0
"LTF",15,"NOD2",24,0
"LTF",16,"PCNA",24,0
"LTF",17,"RARA",24,0
"LTF",18,"RYR2",24,0
"LTF",19,"SCN1B",24,0
"LTF",20,"SDHA",24,0
"LTF",21,"SFN",24,0
"LTF",22,"SHH",24,0
"LTF",23,"TGFA",24,0
"LTF",24,"ADH1A",25,0.0408239879169143
"LTF",25,"ADH1B",25,0.0408239879169143
"LTF",26,"AURKB",25,0.0408239879169143
"LTF",27,"CASP7",25,0.0408239879169143
"LTF",28,"CFTR",25,0.0408239879169143
"LTF",29,"FAS",25,0.0408239879169143
"LTF",30,"GFAP",25,0.0408239879169143
"LTF",31,"GRIA2",25,0.0408239879169143
"LTF",32,"GSTM3",25,0.0408239879169143
"LTF",33,"HSPB1",25,0.0408239879169143
"LTF",34,"NCF2",25,0.0408239879169143
"LTF",35,"PPP2CB",25,0.0408239879169143
"LTF",36,"ADRB2",23,0.0424907268903086
"LTF",37,"ALDH1A2",23,0.0424907268903086
"LTF",38,"ALDH1A3",23,0.0424907268903086
"LTF",39,"ALDH2",23,0.0424907268903086
"LTF",40,"ATG5",23,0.0424907268903086
"LTF",41,"BAX",23,0.0424907268903086
"LTF",42,"CYP1B1",23,0.0424907268903086
"LTF",43,"DRD2",23,0.0424907268903086
"LTF",44,"EPOR",23,0.0424907268903086
"LTF",45,"IRF1",23,0.0424907268903086
"LTF",46,"ITGA5",23,0.0424907268903086
"LTF",47,"KDM1A",23,0.0424907268903086
"LTF",48,"PLAU",23,0.0424907268903086
"LTF",49,"PRKAG2",23,0.0424907268903086
"LTF",50,"PRKDC",23,0.0424907268903086
