"gene","D_E"
"GJA1",0.000135565475534061
"NFKBIE",0
"FKBP1A",0.000166807956771153
"CDK5",0.00033472420672076
"HSP90AA1",0.000776416273519653
"CTNNB1",0.00289590614508051
"FOSL1",5.43718991969921e-05
"GSK3B",0.000314448169983605
"NCF1",8.23737765940358e-05
"BCL2",0.000422618651306439
"MT-ATP6",2.65909111278884e-05
"CYBB",3.96482767985873e-05
"JUN",0.00119505389332009
"AXIN1",8.55906258223627e-06
"GLB1",8.74774051118354e-05
"EIF4EBP1",1.62163923311809e-06
"EIF4E",1.08155218404571e-05
"AKT1",0.00315981419662947
"IL2",8.34200835835297e-05
"CHUK",2.92172284452885e-05
"BTK",0.000116610039162079
"GRIN2B",0.000264160748807307
"FN1",0.00268952180345494
"CD36",0.000300128353680651
"EIF2AK2",0.000108060324094494
"OPRM1",6.69989464571197e-05
"BAD",8.66953703504425e-06
"IL1B",0.00062214955341322
"GRIN1",1.70673879342775e-05
"HSP90AB1",6.05072795691886e-05
"HDAC2",6.60781507419994e-05
"CDH1",0.000392206821704377
"COL1A1",0.000199946439163656
"CLDN1",1.05567802410889e-05
"PTK2",9.73630805092274e-05
"CCNB1",1.04329977708151e-05
"APOA1",0.00163945706941215
"IKBKB",2.20807486922547e-05
"PLAT",1.57360424986042e-05
"ADA",8.1400198089776e-05
"ACE2",7.99488711926699e-05
"RARA",0.000184978605483055
"ACTC1",2.40108885202206e-05
"JAK2",0.00104419197889982
"NFKB1",0.000236754538499362
"TUBA1A",1.48803297033151e-05
"PIK3CD",4.59073044023484e-07
"CCNA2",3.66813101142505e-05
"ICAM1",0.000202952160121561
"APOE",0.000641634954788417
"NDUFS3",5.31536225808482e-05
"APOB",0.000269350717131966
"GSTM1",0.000161582785759951
"COX5B",1.45710872077043e-05
"IGF1R",5.10446428896305e-05
"CYC1",9.63536238518525e-06
"COX5A",5.47292001717992e-08
"MT-CYB",0.00031852428292467
"NFKBIA",3.32024397260433e-05
"CAV1",0.00198669203537938
"TXN",0.00021310029342092
"NRF1",1.25878952750291e-05
"ADRB2",0.000141044029096093
"IL1A",0.000467868611293998
"BMP2",1.88530384338526e-05
"PPARG",0.000962263801031926
"CYBA",4.3811963103213e-05
"FGF2",0.000143233483765326
"BAK1",0
"EGFR",0.00387810875333239
"CDH5",1.59818871788842e-05
"NCF2",3.96437233948221e-05
"MAP2K1",9.62564293494061e-07
"CSF2",2.7491070112573e-06
"KDR",6.98518223168909e-05
"MYD88",2.01866895709335e-05
"TLR4",0.000652102532191279
"FASLG",9.94398009424025e-06
"CASP8",3.37069157748671e-05
"HDAC1",0.000396996186270759
"HBA2",0
"AGT",0.000917713346418769
"MMP2",1.72763040618973e-05
"HBA1",1.10135951917334e-05
"RRM1",9.90193779936144e-05
"LALBA",5.24283214337062e-05
"EGLN1",1.33742579477847e-06
"CALML5",3.43260087912745e-05
"BCL2L1",9.42388095073188e-05
"LYN",0.000187425615013503
"CRBN",3.24016711400477e-05
"ATP5F1E",4.4459172283684e-06
"E2F1",3.71166308749116e-05
"AR",0.000360201612152666
"E2F2",0
"PPARA",0.0011842150479916
"ALB",0.00264883152370632
"EGLN3",7.35480686797629e-07
"FTH1",2.6105443216573e-05
"AXIN2",0
"CTSG",8.22666921393989e-05
"CALM3",0.000932377496990267
"ERBB2",0.000136658848673643
"CD44",0.000987616912938138
"CLDN5",3.35770845982797e-06
"NFATC1",6.82918073249272e-05
"ABCC8",0.000101979397860275
"BAX",0.000165427002434937
"INSR",1.73592217690421e-05
"INS",0.00470341524560502
"IGF1",0.000449764619508075
"IGF2",2.55614236589485e-05
"FGF4",2.44349269196142e-06
"ICAM2",0
"ABCA1",1.14627451256455e-05
"PPP3CA",4.69680147775486e-05
"CRK",3.55917475025613e-06
"ACE",0.00133723328349711
"AHSA1",3.81904717960957e-07
"ATG5",1.73051740107732e-05
"CHEK2",2.41005608947464e-06
"ATM",1.39249382978823e-05
"CDK2",5.08326252006697e-05
"CDKN1B",4.42259677551071e-05
"CCND3",5.39185697312483e-07
"CDK4",4.6185137436372e-05
"TF",6.45521847653097e-06
"HIF1A",0.000718930925471373
"UGT1A3",2.96810926614377e-07
"SFN",4.32928719097392e-05
"ATG12",7.09965299883208e-07
"PTEN",0.000120211200507203
"CDKN2A",0.000500698307310254
"CDKN1A",4.10929729327547e-05
"DLG1",9.51246791159877e-05
"PRKAA1",1.5405032007032e-05
"KEAP1",8.82112353991493e-05
"BRCA1",0.00165421416865996
"KRAS",0.000275431595718523
"BECN1",0.000140266051276261
"HMGB1",2.77824899144186e-05
"CACNG2",6.57253843404648e-05
"RAF1",1.8784943128014e-05
"PRKAB2",4.10525623939506e-07
"MAP2K7",3.54952782988249e-06
"MAPK8",0.000223960060924622
"MAP3K5",0.000102714716431862
"ERN1",8.08960475806586e-06
"ITGA5",0.00125099427481412
"HCRT",0.000274001808230895
"PRKAA2",3.49713408731578e-06
"CASP9",1.2358301448856e-06
"DKK1",0
"FOS",0.000381102749862583
"GP1BA",3.59875806065224e-05
"ABCG5",2.51514596449898e-05
"DNMT1",5.30682342694266e-05
"OAZ1",0
"APAF1",4.10967206376789e-07
"CASP1",0.000191130502830927
"STAT1",0.000479475698335285
"PKD1",2.65047264205176e-05
"POLE",1.03272225777662e-05
"ATF6",3.7268211169672e-05
"CDC25A",1.75265997925944e-06
"F10",1.41800211297394e-05
"ATF3",6.75760654333946e-06
"FOSL2",0
"F2",0.000236735170124125
"ABL1",0.000168731315565385
"TAC1",0.00149607156135279
"SRC",0.00175221927894165
"DRD2",0.000239227026366362
"BIRC2",6.28992787432558e-06
"TNF",0.00117518268537231
"ATR",0
"RIPK1",3.28301598266911e-05
"TNFRSF1A",1.63407855040543e-05
"BIRC3",9.27420207519347e-07
"FAS",6.99274845805675e-07
"MAP3K7",0.000296800039624734
"IDE",2.83628856204698e-05
"COX6C",0
"S100A13",1.19155336353316e-05
"COX6B1",0
"NANOG",1.41679417148266e-05
"GRIN2A",0.000353342922666311
"NFKB2",0
"ATF2",1.24610252820734e-05
"NGF",7.43074402737021e-05
"DLG4",0.0011956837363567
"APP",0.000985190693854943
"NDUFV2",1.03682589897014e-05
"MDM2",0.00012247761572981
"NR1H3",2.18155862508063e-06
"NR1H4",0.000169010237943357
"CACNA1C",0.000622441792460848
"SCN1B",0.00123582115441734
"CALR",0.000102981675253577
"CCR7",7.94491361055805e-06
"TNFRSF11B",0
"ABCC9",1.15738451145209e-06
"NEDD4L",8.94850330758201e-05
"CASP7",3.65644478450555e-06
"PIK3CA",2.15441217761292e-05
"SELP",2.13750705113647e-05
"CALML3",1.25400694572786e-06
"DNMT3B",5.93297723583408e-06
"GRIA2",4.21424912891988e-05
"CCL8",0
"CCND1",0.000157490460014453
"LY96",0
"MTOR",0.000575787683735673
"EGF",0.000181634941891384
"SMAD2",4.43011402406768e-05
"CCL2",6.13182839613868e-05
"CD40",3.35438137786248e-05
"TBK1",5.08083834938056e-06
"AURKB",8.65414982428314e-05
"POU5F1",7.02722422596391e-06
"CD274",1.82794808077924e-05
"MMP1",5.28718292721608e-05
"MMP3",3.81954601270662e-05
"MMP9",0.000357780308823941
"FEN1",2.36382420392145e-05
"FOXO1",0.000321200255411047
"CD80",2.36611071546822e-06
"HNF4A",0.000119739988499346
"GCLC",5.82953261919483e-05
"IRAK1",3.99759047663428e-05
"SIRT1",0.000546497727341166
"CALCA",3.50468076348864e-06
"PPARGC1A",0.00123201570298481
"FOXO3",0.00016983916183011
"ORM1",8.16423650096265e-06
"SERPINE1",0.000119209968253986
"PLAU",4.5163654164293e-06
"CFLAR",1.47681435080926e-07
"AMY1A",0
"NRP1",0.000117291184180579
"ACTB",0.003283049902433
"ESR1",0.00140516090544329
"NPPA",9.40571603798013e-05
"ITGB3",9.21947030657622e-05
"GOT2",0.000790778048275986
"BDNF",0.000740963300493336
"GRIA1",1.4272452282027e-05
"CASP3",0.000386266602283802
"CREB1",0.000540814442373971
"SHH",1.20876861590125e-05
"CS",0.00016556105345289
"TLR2",5.15876765202483e-05
"NR1I2",0.000115905749025424
"NPPB",4.59971753330457e-06
"FGF1",6.61556330153745e-05
"PTK2B",8.59722732138302e-06
"EPOR",4.42832625766609e-05
"NLRP3",2.13829229137596e-05
"ESRRA",5.28058141966437e-05
"NCOA2",6.84137947485342e-05
"PRKAB1",0
"TUBA1B",1.02422347314501e-06
"COL1A2",4.33235468518811e-05
"NCF4",0
"AXL",8.32534790081718e-05
"GCG",0.00025476766464394
"BMP4",1.2421247359562e-06
"IRF1",2.51565958786504e-06
"F3",5.06512205652454e-05
"COX6A2",0
"HDAC6",0.00224539379385513
"DHFR",0.000432000671307331
"C3",5.71048654537387e-05
"KLF4",1.55306529681098e-06
"CLDN4",0
"KDM1A",1.02095556431259e-06
"CXCL13",0
"GRIN2C",0
"PIK3R1",8.58632323516018e-05
"CANX",1.97509086227177e-05
"CTTN",3.87091702189757e-05
"ARRB2",0.00200347739726958
"PTPN11",6.90177315789686e-05
"DLG3",1.43975343644964e-05
"PKIA",6.60280966413573e-06
"MAPK1",0.000109601033889684
"CACNA1B",2.53322791965438e-07
"GLDC",1.23413358530389e-05
"AMY2B",0
"STAT3",0.00112861399058628
"ATIC",0.00121372034152611
"AKR1C1",4.07171144596319e-05
"CD40LG",4.62334860951152e-07
"CSK",0
"YWHAE",1.50741471337534e-05
"ERBB3",1.23938802554235e-08
"KCNMA1",3.41040414593152e-05
"AURKA",6.03032874612053e-05
"CDK1",0.000360602492760931
"HSF1",0
"DUSP1",0
"GGCX",7.19055804342394e-05
"ACLY",0.0001157780212383
"CXCL1",1.37635161290284e-06
"UGT1A1",4.38944756567805e-05
"ACACA",0.000130327338196068
"GABRA1",0.000459514963564778
"NOX1",3.30397006965688e-05
"CYCS",0.00220146862695692
"ATG7",9.45930965357e-06
"GRIK1",0
"KCNE2",2.76091254192146e-07
"IFNG",7.42810341266553e-05
"GRIN2D",1.5834128896941e-08
"AMY1B",0.00114063211912041
"HSPA1B",4.24523105357899e-06
"NR1H2",3.50613252320109e-07
"AMY2A",1.08868938186735e-06
"SMAD7",2.95038960829164e-06
"CYP51A1",2.91906273017783e-05
"CACNA1D",0.000170757786132181
"HDAC4",1.16662718083749e-05
"CXCL8",0.000236351733904017
"ADORA2A",0.00135496413847513
"RELA",0.000171980209142442
"BIRC5",4.36072684835143e-05
"GAMT",3.83863832550402e-05
"CYB5A",0.000142344369911118
"CXCL10",1.7141925222619e-05
"HGF",1.51588215124843e-06
"PNP",0.000150750695407598
"CYP11A1",2.18155172923007e-05
"AGXT",9.72339534535127e-05
"SHMT1",9.90777250677866e-05
"DLG2",0
"IL10",9.08570726735336e-05
"GP6",3.08177947093702e-05
"ATF4",8.14265537527614e-05
"CACNB1",0
"IL18",1.43113165873565e-05
"CASP6",4.68783795182226e-06
"IL6",0.000985299599163048
"MYC",0.000441188272058857
"SNCA",0.000665787884293612
"MYH6",2.49295135597016e-05
"POLA1",5.84439642903334e-06
"PRKDC",2.09467914480399e-06
"AKR1C2",5.3032881086601e-08
"PARK7",6.33511885954618e-05
"HSPA4",0.000817648828094986
"CHEK1",1.26014141930142e-05
"NOX4",4.0129540741507e-05
"COMT",0.000341695314248769
"SCN1A",7.17195195213405e-05
"SLC6A3",0.00028148662483185
"SCARB1",0.000325889333289808
"BID",6.67070553528326e-06
"HSPA5",0.000285264661422757
"CSF3",0.000102424873760665
"BGLAP",0.00010915282534163
"SCN2A",0.000108366696406015
"GSTM2",0
"RARB",1.37757884536294e-05
"ADK",7.0548498962264e-05
"PARP1",0.00014963827357628
"FDPS",1.24743699037033e-07
"MTTP",6.88210324495397e-06
"APRT",6.28055406558525e-05
"CD14",2.18485029135351e-06
"KIT",0.000220404819970987
"P2RX4",0
"DDC",6.92577358606394e-05
"ADH1B",1.93863551678497e-06
"ESR2",8.39849849820773e-05
"CLEC4E",0
"IGFBP3",2.70624548611709e-05
"CACNA1A",0.000237353406071894
"TRAF2",9.8942811690983e-05
"PLG",0.000432937389440058
"CYP17A1",6.08798862421489e-05
"MAPT",0.0004008946048778
"DDB1",3.02467313606503e-05
"GRIN3A",0
"FOXP3",3.45366287337612e-05
"APOA4",1.73762531908705e-05
"TP73",8.58743021803221e-07
"PTPN6",7.85389195345765e-07
"EGR1",4.81053914956897e-05
"CDT1",1.11978840918736e-05
"AHSP",7.31996354808029e-06
"PPARD",2.54452656101023e-05
"AHR",3.25462012090716e-05
"TUBA4A",0
"SOD1",0.000601364446850883
"GDNF",4.11429748925496e-06
"CHRNA4",0.000126261201165656
"CYP3A4",0.000663591434426736
"TOP1",9.06218701013373e-06
"PRKACA",0.00512002266725953
"MAPK3",0.000389229958906001
"ELK1",0
"CEBPB",0.000243676809415172
"MAPK14",5.22207125249752e-05
"SMAD3",0.000396641011288335
"SOCS3",8.30287939179719e-06
"SCN4B",1.31995438947818e-05
"KCNJ6",4.66657327243825e-05
"TUBA1C",0
"CXCL2",1.19944988163923e-07
"ACACB",4.55481174775896e-05
"MAPK8IP1",7.5480862430477e-05
"PPIF",5.18836499419084e-05
"CCL3",1.99975070274139e-05
"RXRA",0.00023245127364635
"FABP4",7.88287125790266e-05
"RRM2B",1.00321681807403e-05
"ACTR1A",0.00122087831312645
"RHOA",0.000162718454826738
"CYP11B1",1.74527054552787e-06
"FUS",1.11182941354704e-05
"SNAI1",9.56261942297587e-07
"PROC",4.27991524198923e-06
"CALM1",4.22690420557315e-05
"ABCA7",0
"ALOX5",0.000102574399066357
"ITGAL",4.19866127177038e-06
"CRH",1.20085198654918e-05
"CYP2E1",0.000611305576663557
"ARF1",2.80502707561414e-05
"YAP1",2.88703269321067e-05
"CYP1A1",0.00039020178207716
"GLUD1",0.000154428352899694
"ALAD",1.59565339439283e-05
"CEBPA",8.47135829380452e-05
"TP53",0.00557483329653041
"HTR2A",7.79817515379477e-05
"AKR1B1",4.9838574164629e-05
"KCNJ11",0.00228792240766151
"TRPA1",6.10550170365709e-05
"GPBAR1",0.00109859160628889
"CACNA2D2",0
"GOT1",5.97669094645203e-05
"CACNA2D4",0
"CNR1",0.000299508750560618
"EIF4G1",1.62973149263612e-05
"PRDX1",8.03138241267654e-06
"GABRB3",0.000209443445582713
"NR4A1",2.58314743326604e-05
"GCLM",8.81868910040939e-06
"NUF2",5.37967604308243e-06
"GABRB2",0
"NTRK1",6.4315259479919e-05
"PRKCI",3.27409985789728e-08
"ADH1A",8.25236919121952e-06
"ADH1C",1.47512060344468e-08
"HMOX1",0.000386392808785607
"HPRT1",0.000418691689059614
"HAMP",0.000137657860702745
"HNF1A",0.0012470112189028
"PCNA",0.000260582445491986
"CYP2C19",3.38707373899183e-05
"PENK",1.45653940575308e-07
"MMP10",7.76695228044133e-06
"DDIT3",1.46922302399766e-05
"ACTA2",4.55573974853518e-05
"FABP5",7.55852034993731e-05
"PTGIS",8.60158594262472e-06
"CYP19A1",0.000517522666668158
"IL4",0.000209402785617541
"GLI1",1.07741450471321e-05
"NR1I3",7.84535144948695e-06
"ALDH1A3",3.54944204650209e-06
"NFATC3",4.08854668942915e-06
"NR3C1",0.000140496183036798
"DPP4",0.0015210826080112
"KCNA1",1.17984263265924e-05
"DBH",8.60991038997838e-06
"LRAT",5.46164210361022e-05
"CFTR",0.0016454631474554
"TUBB",9.46648821914531e-05
"AKT2",0
"FGF23",3.30120362362907e-05
"NPY",0.00176406997837464
"EIF2S1",0.000154093216422013
"PPP2CA",7.26920525182528e-05
"OAT",1.90631784585671e-05
"CAMK4",2.51459853470859e-05
"TNFSF11",0.000114553191213895
"CACNG1",1.98775935933426e-07
"CYP7A1",0.000424550950295255
"PPIA",2.21053432279961e-05
"RB1",5.2624304582527e-05
"CXCR4",0.000428069897964845
"CYP21A2",4.62500933884336e-07
"TG",6.47542856743177e-05
"CD86",9.5520003984273e-07
"HMGCR",0.000204196352533104
"TGFB1",0.000183637398388559
"NFATC4",0
"IMPDH1",4.63390513066875e-05
"OPRD1",0
"CCL22",1.46333522854647e-07
"PRKCA",0.00042929079070575
"CYP11B2",0.000146245718010807
"ELOVL6",0
"GLA",1.20223857513757e-05
"IL17A",1.32676675423937e-07
"PLD1",9.59758222685014e-06
"DHCR7",0.000122395729530322
"AKR1C3",0.000217077561732171
"IDO1",0.000526138228844286
"ATF7",0.00121394467698621
"ALDH1A2",3.40837061907351e-08
"FASN",0.000244147170824549
"PRKCD",4.08237294331482e-05
"NOD2",1.62534711005691e-05
"CBR1",7.30106739482705e-05
"ACSS2",0.000101938274205016
"ARF6",3.51189112013373e-07
"CACNA1E",0
"DMP1",5.89528666905537e-06
"AGTR1",6.30879717166133e-05
"MAPK9",4.50601754109492e-06
"CALM2",0
"ALDH2",8.25839603945111e-05
"CAMP",0.00127853339974016
"CYP1A2",7.23312894034267e-05
"TIGAR",1.26458603511015e-05
"CX3CR1",0
"MITF",5.44024374032892e-05
"ACSL1",4.33922310644208e-05
"CD163",2.63601515246847e-05
"DUOX2",0.00119978661650144
"PRDX2",1.21760083793276e-07
"CYP27B1",6.54316801166344e-05
"PRDX5",0
"CES1",0.000123785018164013
"CACNA1G",4.67428035962891e-05
"GSK3A",1.25380995619206e-06
"AADAT",4.35230430695377e-06
"RUNX2",0.000352317962989623
"CHRNA3",2.76097717646362e-05
"S100A8",7.27708417355144e-05
"CYP2C9",0.000139158093653835
"LBP",4.74961524121742e-06
"CYP2D6",2.38045457330305e-05
"CACNA1H",4.93066583525659e-05
"ABCC2",3.7267007979791e-05
"MGLL",0.000288590927817967
"ADH4",1.1612979102793e-06
"SELE",3.74314448414736e-06
"SLC18A2",2.07343454549092e-05
"CASQ1",1.54327290036171e-06
"SMAD1",0
"JUNB",0
"PTPN1",3.07152844891689e-06
"LEF1",5.88425287351146e-06
"NFE2L2",0.000152506478710235
"EIF2A",0
"SREBF2",0.000243957241534809
"AOX1",0.00083311477515513
"ATP1A2",3.78298798562327e-05
"KCNH2",0.000422534476057779
"TRPM7",6.46008626592476e-08
"DRD4",1.5095568012824e-05
"PTGER1",1.00651531387275e-06
"METTL3",0
"HTR2B",3.54405950242498e-06
"ALDOA",1.73278567181523e-05
"BMI1",1.72741337306492e-05
"ELOVL2",0
"AKR1D1",0.00104359117608721
"IL5",4.59636788963103e-07
"ADCY1",6.35180631620713e-05
"ACTA1",5.91327292269739e-05
"SCD",0.000207289484244089
"COL3A1",9.83263130915901e-07
"NFATC2",4.20716472495641e-05
"KCNMB4",0
"CAMKK2",1.20383251216438e-05
"CYP2A6",0.00039111592151031
"ABAT",8.43512791648404e-06
"HK2",0.000240369825768694
"PTX3",0
"CDKN1C",4.51548623625619e-06
"PTGS2",0.0018491044639648
"TPMT",8.08139190985324e-05
"SCN2B",0
"ITPR1",0.000244738016069945
"GSTP1",0.00178051943951985
"PKD2",2.64933169413784e-06
"CYP3A5",1.73845519089166e-05
"PCYT1A",1.94335444980709e-05
"SIGMAR1",0.00016467240771556
"COX7B",0
"CYP1B1",6.89981434598419e-06
"GABRA4",0
"HCN2",0
"RYR2",8.00783320793474e-05
"TOP2A",3.58575097173519e-05
"FGFR2",1.73338679548829e-05
"ACTR2",2.24666949816266e-05
"AFP",2.72811177496335e-05
"CYP2C8",2.20366734138278e-06
"RYR1",0.000100392678703431
"ITPR3",2.50385200565306e-05
"MB",5.54937499840369e-05
"AANAT",1.01542480637207e-05
"CPS1",1.22878193927756e-05
"GLP1R",3.41350700072685e-06
"CLIP1",4.37036542288993e-07
"AURKC",0
"HSD3B2",1.6850259747736e-05
"ABCC1",0
"SYK",9.66505695134678e-05
"CP",4.66466506423568e-05
"FADS2",2.2810842462806e-05
"POMC",0.00154406002016871
"LPL",0.000566635668973969
"LPCAT2",7.25734348838714e-07
"HSD17B2",1.06393327481413e-09
"SLC5A5",3.50457526798742e-06
"CYP7B1",5.0198593939399e-06
"GPR83",1.10097105976426e-06
"PRKCE",7.72956116379397e-05
"CCN2",8.34792652870675e-06
"PBK",1.66648492271326e-05
"JDP2",0
"FCER1A",0
"ACSL4",0
"ALDH1A1",0.000719084743052711
"MGAM",0.000191456680046054
"ADH7",1.71174840779553e-06
"HTR1A",4.55282658419209e-05
"SDHA",0.000728355075279574
"PDE4D",8.58376370616032e-06
"CRP",0.000213675187255569
"DAO",0
"SLC2A1",9.30343799422362e-05
"ESRRG",0.00112264093240733
"PDE4A",9.94559493217029e-06
"PRKCB",0.000151995546506578
"VTN",1.32829729559969e-05
"AHCYL1",2.36485314508705e-06
"BMPR2",8.99813732893051e-05
"F12",0
"MAOA",0.000148666655335861
"HDAC3",1.04553139109731e-05
"ADIPOQ",3.32160600783338e-05
"HSD3B1",7.57872549184135e-06
"ADH5",4.79421028877214e-05
"ADH6",2.22124048498973e-06
"FABP1",4.12773233577912e-05
"CSF1",5.8593835076115e-06
"SPP1",0.000210645757664718
"ABCB11",1.61133398401958e-07
"CACNB3",4.83502573644934e-07
"PTGES2",2.26061378331144e-05
"MMP13",1.5967234374803e-05
"EDN1",0.000154550402730047
"TH",0.000445141603526933
"NCOA6",0
"PTGER2",8.39083681236641e-06
"S100A7",0.00101778563013322
"PLA2G4A",0.000145033364728708
"HSD11B1",5.96013528271211e-05
"CACNB2",7.80266917854711e-06
"GSR",0.000300421466483347
"EEF2K",3.98539595125591e-06
"GCK",0.000242096535880254
"PGR",5.43611358237994e-05
"GABBR1",0.000510699360905531
"ALOX12",1.14235850786626e-05
"MAPK11",4.40437195603494e-08
"GATM",0.000641349753781717
"IMPDH2",9.70130051258788e-06
"SLC11A2",1.22809231257737e-05
"ANPEP",0.000111804321524245
"HIF1AN",2.51783330312838e-05
"RARG",0
"FBP1",5.90213916795701e-06
"AKR1B10",1.15989436824115e-05
"AKR1C4",0
"FADS1",0.000112104112548916
"TFAM",3.62872399584102e-06
"F7",0.00110842411598699
"NOTCH1",1.40453885606462e-05
"NOS1",0.000498324332666167
"CCR6",2.89418362608984e-08
"CACNB4",6.84948953928455e-05
"PRKCZ",0.00124515519558022
"GAD1",0.000696735600119291
"FABP2",0
"ADRA1A",4.3025102480776e-07
"NEIL1",5.99586013505515e-07
"GNMT",0
"PTGDS",0.000111959290102326
"ACPP",0
"SULT1E1",0
"DNAJC5",5.10851554342828e-05
"ADRB1",1.53084036556006e-05
"RAC2",9.0160043093368e-05
"AGXT2",0.00025057885786095
"TEK",0
"HSPB1",1.3118924105493e-05
"IL33",0
"RUNX3",7.26198233380604e-06
"COL11A2",6.23596587323583e-06
"HCN4",0.00108009733227277
"ITPR2",6.40821797293079e-07
"SCN11A",2.3094428796e-06
"FGB",1.39645395835775e-06
"NQO1",0.000527220227442338
"CBR3",4.6788329954861e-07
"PLD2",0.000133945997364271
"LPCAT1",1.91332402499356e-06
"HTR1B",2.42426249319472e-06
"GABRG2",0.00011218358623466
"ALDH3A1",6.32152614098436e-05
"CASR",2.65610692193885e-05
"PAPSS1",0
"DCK",7.34281063050624e-05
"FTCD",1.42037334609491e-05
"KCNQ2",0.000212062364432941
"CHRM1",6.67818868631542e-05
"SLC6A4",6.78286583016829e-05
"GABRB1",1.85617838407426e-05
"DHRS3",0
"PDE2A",4.31992103644419e-07
"RASGRF1",4.63218773005813e-06
"PPID",4.30025627651265e-06
"STAT5A",4.39596039339962e-05
"VKORC1",4.21324374467735e-05
"RAPGEF4",3.31240305593283e-05
"FABP3",1.13483670571846e-06
"STXBP1",8.67014811978262e-06
"SCN5A",0.000203932917773764
"ACTG1",1.1368143777446e-06
"GUSB",3.07626465670952e-05
"LGALS3",6.82340007829296e-06
"GPER1",4.12749782685573e-06
"MYH7",1.43897642000956e-05
"LPO",0
"CHRNA2",0
"ATF1",2.67223468175537e-06
"ATP1A1",1.76214828995214e-06
"DHRS4",3.07292251089386e-07
"CYP24A1",3.42176545521378e-05
"ACAA2",1.09830593403304e-05
"PTGS1",0.000123643265751539
"GRIA4",1.40017802346959e-05
"TPO",3.90793465061545e-05
"AKR1A1",1.31422919599222e-05
"ALDH1B1",1.0540618832211e-06
"NR3C2",1.1628339288472e-05
"KCNH6",1.83502937474156e-05
"CKB",3.86367243364605e-05
"GAA",0
"MAPK13",6.04607784726596e-07
"DRD3",0
"ADRB3",6.32431133384959e-06
"NNMT",7.17109923026316e-05
"DNM1L",7.33041407019464e-07
"ATP2A1",5.10085241278713e-06
"KCND2",4.68139933984535e-06
"SYP",3.45176331495445e-05
"CRTC2",2.18299632479546e-05
"CACNA2D3",0
"CACNA1I",6.64529203109332e-07
"RBL1",8.40375318222897e-07
"NTRK2",0.000122799933450435
"FXN",2.31663893058842e-05
"GRM5",0.000195917573052817
"DRD1",9.41601629314004e-05
"RDH11",1.21421684518008e-05
"RXRB",3.63077013892932e-05
"NDUFV3",0
"GK",0.000420519698153154
"SLC11A1",0
"ATP1A3",4.00942975486984e-08
"ACHE",9.98315543219164e-05
"APOD",0.00190239903453848
"RDH12",1.99532240672262e-05
"AGTR2",0
"PPP2CB",6.59196330854428e-09
"GSS",2.70673609743532e-05
"CHRNA10",0
"RAB5A",9.32591880731248e-06
"KCNJ2",0.0011427964324835
"APCS",0.00110713785796257
"SLC10A1",0.000121448875280539
"PEMT",1.63502203502919e-05
"SREBF1",0.000299560969175494
"CYP26C1",0
"RUNX1T1",0
"ATF5",4.12097937161349e-05
"MYB",0
"ESRRB",1.4738056039465e-05
"ATP2B3",0
"KCNJ5",7.55858324481551e-05
"ATOX1",0
"TJP1",0.000451089899453305
"AIFM1",2.55365593515577e-06
"FSHR",1.02530398137235e-05
"TAT",4.35317547008429e-05
"ALAS1",4.96355304249185e-05
"CHRM3",0
"LIPG",0
"CYP27C1",0
"ADCY2",5.46944680768213e-07
"SLCO1B1",4.01611329957641e-05
"CAMK2G",0
"GSTM3",0
"ALAS2",0.00014028159234114
"FOXM1",2.80105936500963e-06
"MUC5AC",6.90432049643697e-07
"HDAC7",6.22551732099019e-06
"DGAT1",0.000493306916917735
"TNFRSF9",7.8153686633442e-08
"NNT",0
"CD83",0
"HCRTR1",0
"SLC2A2",5.42474343930843e-05
"SH3BP5",6.52836211645358e-07
"IL1RN",0
"HTR6",7.27462475538232e-05
"KCNJ14",0
"PLA2G2A",2.9893313580942e-05
"CACNG3",5.37038817638447e-07
"CHRNA7",4.70071108619186e-05
"KCNN2",6.74821585977536e-06
"CRTC1",0
"KCNN4",1.01097761602276e-05
"ANXA5",1.04974812612513e-05
"MDH2",0.000111171568050628
"FTL",4.86390818077442e-06
"MECP2",0.000548125381643505
"HTR1D",1.68174325576587e-08
"CPT1A",2.31070451811588e-05
"ABCB1",1.29987424931644e-05
"QPRT",1.98227046184218e-05
"ATP1A4",0
"CCK",2.06336854999822e-05
"CAT",1.60331191455532e-05
"EREG",0
"CHRNA9",1.95699862648446e-05
"LYZ",0
"MCL1",7.58111282794793e-06
"DRD5",0.00109125683776934
"RPS6KB1",4.85287973774895e-05
"GABRA2",3.25458105590037e-05
"PLA2G7",0.000164345021160472
"KCNA4",3.19650177960096e-05
"PPP3R1",1.45458302913681e-06
"CD55",1.18774457361637e-05
"VIM",3.780214284832e-05
"ASPA",0
"CACNG4",5.86700860738532e-06
"SNAI2",1.09795873737273e-06
"ABCG8",1.54286254661073e-07
"HTR2C",1.48637991650435e-05
"NPR1",9.07363515141313e-05
"ZEB1",7.29644032748666e-07
"SLC29A1",0.000990951407719987
"GABRR1",0.000843985992964869
"PCYT1B",0
"NOS2",4.11332897526373e-05
"GPT2",0.000128569127526679
"THBD",7.51003140264661e-06
"PRKCG",2.14466149301984e-05
"TNFRSF10B",2.52593901350906e-09
"GSTA2",3.26595652069273e-05
"EPHB6",0
"RBP1",1.90104055208806e-05
"CRYZ",0
"TFR2",2.62260901195965e-06
"KCNJ9",0
"CTSK",0.000203427100728071
"MYLK",9.10391086249573e-05
"BCAT2",2.84847052194337e-05
"THBS1",5.52092794505743e-05
"PRL",2.10911466325125e-05
"CPT1B",2.71372521454261e-07
"SLC8A1",0
"APOM",0
"DGKD",1.59456067749808e-06
"OPA1",4.78162137662608e-07
"CSAD",0
"PDXK",0.000995832856350631
"PLK4",2.46558300789346e-05
"GAP43",2.95460889765398e-06
"SOX2",0.00136959881758225
"CHAT",0.000257654116060824
"ARF3",8.41314923338832e-06
"RORA",0.00128883369364352
"ADAMTS4",2.29275732066547e-07
"DGKA",5.77781629129692e-06
"KCNJ8",1.7455839305458e-05
"EBP",6.8927569532029e-06
"CHRNB2",1.98388201169131e-05
"MLXIPL",0
"ADAMTS5",0
"GAS6",8.39540894237434e-06
"CTSD",0.00010473127292765
"DSPP",0
"TYR",7.41675284119392e-05
"PTGER4",2.50341323927428e-05
"SIRT3",4.55071699025922e-05
"FURIN",7.96529135667079e-05
"ANO1",3.02795666651257e-07
"SQLE",7.39425455358322e-05
"HDAC11",1.156839237626e-06
"CHRNA5",1.36124514458213e-05
"GCA",0.0008811607749587
"ARF4",1.4711075765117e-05
"HDAC8",0
"NRXN1",5.04533271298291e-05
"PHB2",4.1403290162334e-05
"SRPK1",0.00106762594487853
"GGPS1",0
"ABCG2",0.00146791658040613
"KCND3",0.00103433416724963
"CA1",3.7835645151918e-05
"TUBB4A",0
"CELF1",0
"MAOB",0.000121698359793365
"ADORA1",1.76660867570178e-05
"LGALS1",0
"PNPLA2",7.34834874283052e-06
"PLEK",2.18526036177558e-06
"BACE1",6.03960910879886e-05
"PROM1",0.00118387396873298
"AQP9",8.26479443660766e-07
"PTH",0.000297879165857662
"MAP2",2.77352119282259e-06
"TIMP1",9.50447196323978e-06
"KCNA5",9.7580044112755e-06
"BHLHE40",0
"BCHE",1.64704303589058e-05
"GABRG1",0
"KYNU",9.47733498120051e-05
"MT1X",0
"TPH1",9.82033868512922e-05
"PROS1",3.78382863930327e-06
"CTRB1",2.76698569994238e-05
"DYSF",0.000963245151007763
"XPO1",1.9453992444296e-05
"MAP1LC3A",0
"PAPSS2",1.58873951264793e-05
"GFAP",0.000176017592287137
"KCNA3",5.09183867458685e-06
"VCAM1",3.63988024358886e-05
"OLR1",1.29238135171406e-06
"RAC1",1.14914401191379e-05
"ACTG2",2.51370037007703e-08
"GABRA3",1.14971835385447e-08
"ACADM",0.000120440270210742
"ARRDC3",6.6525602637757e-07
"AQP1",6.08535193169502e-06
"PDE3B",7.30173266404455e-05
"TRPM4",3.48373542864433e-05
"GANAB",0
"DNPEP",0
"GLO1",2.7290579656114e-06
"PDE4B",1.63660401425458e-05
"CAPN10",0.000925834071710097
"NOS3",0.000212793228852814
"ELOVL5",0
"CRMP1",6.61789506350985e-06
"POLB",5.65244485895011e-06
"TRAF6",0.000102358082832987
"HDAC10",0
"GABRA5",1.18798273329723e-07
"PIM1",0
"TGFA",2.05963526889175e-06
"STAT4",0.00025057936446049
"ADRA2A",3.11379002471135e-07
"MPO",0.000249295887461809
"LRP5",1.3221172624478e-06
"AQP3",0
"GYPA",0.000265475819010152
"RPL17",8.44699742168498e-05
"HRH1",0
"TRPM3",8.96330271116241e-08
"HNRNPA1",0.00112092154307397
"CNR2",0
"CALCR",2.36356933391857e-05
"RBP2",1.94942170547163e-05
"HBB",7.10920544099158e-05
"GLUL",0.000114619890825618
"APLP1",0
"ATP2C2",0
"HLA-B",2.17353511633434e-07
"KCNJ15",0
"CXADR",1.5640039389142e-06
"RASA1",4.61600681922469e-05
"AASS",1.32915422113022e-06
"GRIK2",5.88684437863307e-08
"SLC15A1",6.70962725157764e-07
"CHRM2",1.9503025695089e-05
"PLA2G2D",0
"CPT1C",5.04708808080068e-09
"KRT18",7.1185302374932e-07
"SLC6A2",0
"GABRA6",4.97493579665331e-09
"HERC5",0
"CHRNB3",1.74962187804439e-06
"SOD2",0.000232429469483764
"MSI1",0
"HDAC5",8.20775012400077e-08
"PTGER3",5.50178467872975e-06
"KCNJ1",9.92846343716991e-06
"PRKAG2",0.00020377786877912
"CTSL",5.72392059661198e-06
"CA2",1.12538392429418e-05
"REN",6.85294933949754e-05
"ADRA2C",6.70652790291104e-06
"GPR18",0
"HAS2",0
"PDE10A",3.27014005518933e-06
"F2RL1",7.51894846462431e-06
"HCAR2",0
"MRC1",1.26348394635656e-07
"C8G",4.38696831028818e-06
"RXRG",0
"CDK8",0
"AVPR1A",0
"GABRD",3.22299810828763e-06
"NKX3-1",0
"CATSPER1",0
"IL36A",0
"KLK3",0.0012562439653776
"TFEB",4.09725057881616e-06
"GABRG3",0
"SCNN1A",2.8102743708458e-05
"LMNB1",3.2323045953131e-06
"PCOLCE",0
"ADRA1B",0
"TRPV1",0.00162431089425452
"HINT1",2.73668618822054e-06
"SIRT2",1.37477548179943e-05
"MAP1LC3B",7.39586751352661e-06
"CAMLG",0
"AIMP2",0
"RDH5",1.23475110426208e-05
"SULT2A1",9.99760126862981e-06
"STAT5B",7.74891777155506e-06
"SLC47A1",0
"ACP1",0
"KCND1",0
"MAP2K5",0
"ARF5",0
"LCP1",0.00196987825880224
"IGFBP6",0
"KCNC2",0
"GSTK1",0
"SPI1",3.63854395731833e-05
"SKP2",9.9984003407716e-06
"GPD1",0
"TRPC5",4.36329163037152e-05
"GRIN3B",0
"SIRT6",4.14604440557298e-06
"GABRE",0
"CACNG6",0
"KRT2",0
"PTGDR2",2.74497697683174e-07
"LTA4H",0
"KCNC3",0
"PDK1",0
"RBP4",5.23414764966867e-05
"ODC1",0.00123216949417271
"FABP7",1.53835998162322e-06
"TUBB4B",1.25719721566497e-06
"SULT1A1",4.13359770434774e-06
"PTAFR",0
"TACR1",5.44552403947129e-07
"PDE1B",6.27696359712937e-05
"MCU",0
"MOCOS",1.97317450981727e-05
"SLC2A4",9.68643300092165e-06
"HCRTR2",0
"SRD5A2",3.85379319753909e-05
"CMA1",0
"HTR3A",4.94901248838664e-05
"TFRC",0.000259913782701737
"P2RX7",4.37276583675761e-05
"PLSCR1",0
"ELOVL4",0
"PON1",5.85419559251399e-06
"DHODH",1.36552433044335e-05
"RTCB",0
"PAEP",1.61394158182393e-06
"ABCG4",0
"DIO1",0
"DBP",0
"PLB1",0.00101426856149789
"PSMD11",4.75949667011477e-07
"THRB",5.50671182319995e-06
"USP10",5.87673749316009e-05
"NAAA",0
"AFM",0
"RASSF1",1.15238225071312e-05
"NEU1",0
"UQCRC1",3.8314599505429e-05
"TXNIP",1.35476870355422e-06
"TIMP2",5.79906031639155e-07
"UGT1A9",1.42717659934455e-06
"YWHAZ",0.000465904340033352
"POLE4",3.38097531127346e-06
"SYT1",9.25123119112081e-05
"XIAP",8.08398355347517e-05
"VWF",0.0001051967170419
"TOMM70",5.57599744155368e-09
"ORM2",0
"SEMA3A",7.09064918757996e-06
"SMO",2.62160522346289e-06
"YY1",7.21373856860108e-06
"VEGFC",0
"TYMS",0.000184902103974594
"VLDLR",5.24492956066602e-07
"XBP1",0.00121079603117336
"WEE1",0
"POR",5.59870412959462e-05
"XDH",0.000226880412117603
"TGM2",0
"RCAN1",0
"SHBG",1.80861063441284e-05
"P4HB",3.07018390118818e-05
"POLDIP2",0
"TNNI3",0.000117472329721702
"TACR3",0
"ACTR1B",0
"SHANK1",7.93867388082514e-06
"TTK",1.80550325468154e-06
"RPS6KA3",2.73513863224828e-07
"SOX9",6.80539621370491e-05
"DUOXA1",0
"TOP2B",0
"TFF1",8.7344511655596e-06
"UGT2B4",7.16147817425572e-06
"TRPV2",3.85881924567233e-05
"LRIG1",0
"TNFAIP6",3.90183950460532e-06
"TRPV4",0.000143194338201758
"UGT2B28",3.03213839591976e-07
"SRI",0
"PYGM",0.000101853988631495
"SCN8A",3.1919567577976e-07
"RNASE1",0
"SRR",0
"S100A7A",0
"UCHL1",6.38890087278909e-07
"LDLR",0
"ZEB2",0
"VKORC1L1",0
"SLC5A1",3.43874833251823e-05
"PDE5A",9.49663101357245e-06
"RETSAT",0
"SLC6A8",0
"RHO",0.000153728005910403
"GSTZ1",0
"PGRMC1",9.53854921159625e-06
"UCP1",1.24211360774673e-06
"HNF4G",0
"SOAT1",1.29275261895323e-06
"ADORA2B",0
"PDE7B",0
"MGST1",0
"TYRP1",8.64461402372285e-06
"KHK",0
"SLCO1A2",2.31794857086243e-07
"SLC7A1",0
"UCP2",1.67502696156729e-05
"TUBG1",2.5676058337254e-06
"TFF2",1.21613603298876e-07
"PHOSPHO1",7.37713441589793e-06
"HTR7",1.35216401631055e-06
"PTP4A1",0
"SERPINB9",0
"UCP3",8.73291935543641e-07
"SLC8A2",0
"PPT1",9.0603340552331e-06
"SLC29A2",0
"GABRR3",0
"PNRC2",0
"TRPV3",0
"PDE6C",0
"PHOSPHO2",0
"MARK4",0
"SLC1A6",0
"SLPI",1.51326570274612e-07
"TEP1",0
"MMP11",4.76252282166634e-07
"KCNH7",0
"SRPK2",0
"ACTBL2",0
"KCNJ10",0
"GABRQ",0
"MT2A",0.0008524966136505
"PRSS1",0.00109118264823826
"FKRP",0
"ROS1",0
"RGN",9.27724780142025e-06
"GPR35",0
"SLC7A2",0
"IL36B",0
"SLC1A3",1.65748311217184e-05
"PFAS",0
"NPEPPS",0
"NISCH",0
"SSTR5",0
"COL7A1",0
"KLK5",0
"PTGFR",8.21680985474416e-07
"HRH3",0
"SLCO2B1",0
"CTRC",0
"GLYAT",0
"SLC16A1",7.79252691973653e-06
"PRMT3",0
"NLN",0
"GABRP",0
"OR51E1",0
