gene1,gene2,gene3
ABCG2,C3,NR1I2
ABCG2,COL1A1,COL1A2
ABCG2,COL1A2,ITGA5
ABCG2,CYP7A1,NR1H4
ABCG2,ITGA5,THBS1
ABCG2,NR1H4,NR1I2
ABCG5,ACACA,ACLY
ABCG5,ACLY,CYP7A1
ABCG5,ACLY,FASN
ABCG5,ACLY,NR1H4
ABCG5,CANX,CYP7A1
ABCG5,CYP11B2,CYP7A1
ABCG5,NR1H4,NR1I2
ACACA,ACLY,CYP51A1
ACACA,ACLY,FABP4
ACACA,ACLY,KEAP1
ACACA,ACLY,LPL
ACACA,ACLY,MGLL
ACACA,ACLY,NR1H4
ACACA,ACLY,RARA
ACACA,ACLY,SIRT3
ACACA,ACLY,SQLE
ACACA,ALDH1B1,ALDH2
ACACA,ALDH1B1,FASN
ACACA,CS,ESRRA
ACACA,CS,FABP4
ACACA,CS,MGLL
ACACA,CS,SIRT3
ACACA,CS,SQLE
ACACA,CYP51A1,DGAT1
ACACA,DGAT1,MGLL
ACACA,DGAT1,SQLE
ACACA,ESRRA,FASN
ACACA,ESRRA,NCOA2
ACACA,FASN,GOT1
ACACA,FASN,MDH2
ACACA,FASN,PLA2G2A
ACACA,FASN,SIRT3
ACACA,GOT1,MDH2
ACACA,MGLL,TRPV1
ACACA,PLA2G2A,PLA2G4A
ACACA,PLA2G2A,PTGS1
ACACA,PLA2G4A,PTGS1
ACE2,AGTR1,CAMP
ACE2,AGTR1,STAT4
ACE2,BGLAP,FGF23
ACE2,COL1A2,NRP1
ACE2,CRH,TAC1
ACE2,CYP11B2,FURIN
ACE2,EIF2AK2,EIF2S1
ACE2,EIF2AK2,NRP1
ACE2,EPOR,TFRC
ACE2,FGF23,FURIN
ACE2,FGF23,NRP1
ACE2,FURIN,GRM5
ACE2,FURIN,NPPA
ACE2,FURIN,NQO1
ACE2,FURIN,TFRC
ACE2,NOS2,NRP1
ACE2,NRP1,STAT4
ACLY,ADIPOQ,FABP4
ACLY,ALDH1B1,ALDH2
ACLY,ALDH1B1,CS
ACLY,ALDH1B1,GATM
ACLY,ALDH1B1,GLUL
ACLY,ALDH1B1,GOT1
ACLY,ALDH1B1,MDH2
ACLY,ALDH2,CS
ACLY,ALDH2,GATM
ACLY,ALDH2,GLUL
ACLY,ALDH2,GOT1
ACLY,ALDH3A1,CS
ACLY,ALDH3A1,GOT1
ACLY,BAX,CS
ACLY,CS,DGAT1
ACLY,CS,FABP4
ACLY,CS,HPRT1
ACLY,CS,ITPR3
ACLY,CS,LPL
ACLY,CS,MGLL
ACLY,CS,NR1H4
ACLY,CS,RARA
ACLY,CS,SQLE
ACLY,CYP51A1,FASN
ACLY,CYP51A1,SQLE
ACLY,FABP4,GOT1
ACLY,FABP4,LPL
ACLY,FABP4,MDH2
ACLY,FASN,MGLL
ACLY,FASN,NR1H4
ACLY,FASN,SIRT3
ACLY,GATM,NOS2
ACLY,GOT1,HPRT1
ACLY,HK2,MDH2
ACLY,HPRT1,MDH2
ACLY,HPRT1,PNP
ACLY,ITPR1,ITPR3
ACLY,LPL,MGLL
ACLY,MAP3K5,MDH2
ACLY,MDH2,MGLL
ACLY,MDH2,PNP
ACLY,MDH2,POU5F1
ACLY,PNP,SIRT3
ACTG1,BAX,HK2
ACTG1,COL1A1,COL1A2
ACTG1,GCK,HK2
ACTG1,GCK,PYGM
ACTG1,ITPR1,ITPR3
ACTG1,PLA2G4A,PLD2
ACTG1,PLD2,TJP1
ACTG1,RASA1,TJP1
ADIPOQ,CRH,HCRT
ADIPOQ,FABP4,HCRT
AGTR1,CRH,CYP11B2
AGTR1,CYP11B2,DRD1
AGTR1,CYP11B2,HCRT
AGTR1,CYP11B2,OPRM1
AGTR1,DUOX2,NCF2
AGTR1,DUOX2,RAC2
AGTR1,FGF23,NPPA
AGTR1,FURIN,NPPA
AGTR1,GRM5,HTR2A
AGTR1,GRM5,NPPA
AGTR1,NPPA,TRPV1
AGTR1,OPRM1,TRPV1
AKR1B1,ALDH1B1,ALDH3A1
AKR1B1,ALDH2,ALDH3A1
AKR1B1,ALDH3A1,GCK
AKR1B1,ALDH3A1,HK2
AKR1B1,ALDH3A1,MGLL
AKR1B1,BAX,GCK
AKR1B1,CNR1,DRD2
AKR1B1,CNR1,HTR2A
AKR1B1,CNR1,TPH1
AKR1B1,COMT,HTR2A
AKR1B1,COMT,SLC6A3
AKR1B1,COMT,TPH1
AKR1B1,CS,GOT1
AKR1B1,CS,MDH2
AKR1B1,CS,MGLL
AKR1B1,CYP11B2,CYP19A1
AKR1B1,CYP19A1,HK2
AKR1B1,DRD2,HTR2A
AKR1B1,DRD2,MGLL
AKR1B1,DRD2,SLC6A3
AKR1B1,DRD2,TPH1
AKR1B1,GATM,GLUL
AKR1B1,GCK,MDH2
AKR1B1,GOT1,MDH2
AKR1B1,HCRT,MGLL
AKR1B1,HK2,MDH2
AKR1B1,HK2,TYMS
AKR1B1,HTR2A,MAOA
AKR1B1,HTR2A,MGLL
AKR1B1,HTR2A,SLC6A3
AKR1B1,HTR2A,TH
AKR1B1,MAOA,MAOB
AKR1B1,MAOB,SLC6A3
AKR1B1,MDH2,MGLL
AKR1B1,MGLL,TAC1
AKR1B1,NPY,TPH1
AKR1B1,SLC6A3,TPH1
AKR1B10,BAX,GCK
AKR1B10,CNR1,DRD2
AKR1B10,CNR1,HTR2A
AKR1B10,CNR1,TPH1
AKR1B10,COMT,HTR2A
AKR1B10,COMT,SLC6A3
AKR1B10,COMT,TPH1
AKR1B10,CS,GOT1
AKR1B10,CS,MDH2
AKR1B10,CS,MGLL
AKR1B10,CYP11B2,CYP19A1
AKR1B10,CYP19A1,HK2
AKR1B10,DRD2,HTR2A
AKR1B10,DRD2,MGLL
AKR1B10,DRD2,SLC6A3
AKR1B10,DRD2,TPH1
AKR1B10,GATM,GLUL
AKR1B10,GCK,MDH2
AKR1B10,GOT1,MDH2
AKR1B10,HCRT,MGLL
AKR1B10,HK2,MDH2
AKR1B10,HK2,TYMS
AKR1B10,HTR2A,MAOA
AKR1B10,HTR2A,MGLL
AKR1B10,HTR2A,SLC6A3
AKR1B10,HTR2A,TH
AKR1B10,MAOA,MAOB
AKR1B10,MAOB,SLC6A3
AKR1B10,MDH2,MGLL
AKR1B10,MGLL,TAC1
AKR1B10,NPY,TPH1
AKR1B10,SLC6A3,TPH1
ALAS2,ALDH1B1,ALDH2
ALAS2,ALDH1B1,GLUL
ALAS2,ALDH2,GLUL
ALAS2,GATM,TYMS
ALDH1B1,ALDH2,CHAT
ALDH1B1,ALDH2,COMT
ALDH1B1,ALDH2,CS
ALDH1B1,ALDH2,DRD2
ALDH1B1,ALDH2,DUOX2
ALDH1B1,ALDH2,FASN
ALDH1B1,ALDH2,GABRA1
ALDH1B1,ALDH2,GCK
ALDH1B1,ALDH2,GOT1
ALDH1B1,ALDH2,HK2
ALDH1B1,ALDH2,HTR2A
ALDH1B1,ALDH2,IDO1
ALDH1B1,ALDH2,MGLL
ALDH1B1,ALDH2,NOS1
ALDH1B1,ALDH2,NOS2
ALDH1B1,ALDH2,NPY
ALDH1B1,ALDH2,PLG
ALDH1B1,ALDH2,SIRT3
ALDH1B1,ALDH2,SLC6A3
ALDH1B1,ALDH2,TH
ALDH1B1,ALDH2,TPH1
ALDH1B1,ALDH3A1,COMT
ALDH1B1,ALDH3A1,GATM
ALDH1B1,ALDH3A1,GLUL
ALDH1B1,CHAT,MAOB
ALDH1B1,COMT,DRD2
ALDH1B1,COMT,HTR2A
ALDH1B1,COMT,SLC6A3
ALDH1B1,CS,GATM
ALDH1B1,CS,GLUL
ALDH1B1,CS,GOT1
ALDH1B1,CS,MDH2
ALDH1B1,DRD2,HTR2A
ALDH1B1,DRD2,SLC6A3
ALDH1B1,GATM,GOT1
ALDH1B1,GATM,MDH2
ALDH1B1,GATM,SIRT3
ALDH1B1,GCK,HK2
ALDH1B1,GLUL,GOT1
ALDH1B1,GLUL,MDH2
ALDH1B1,GLUL,SIRT3
ALDH1B1,GOT1,MDH2
ALDH1B1,HTR2A,MAOB
ALDH1B1,HTR2A,SLC6A3
ALDH2,ALDH3A1,COMT
ALDH2,ALDH3A1,GATM
ALDH2,ALDH3A1,GLUL
ALDH2,CHAT,MAOB
ALDH2,COMT,DRD1
ALDH2,COMT,HTR2A
ALDH2,COMT,SLC6A3
ALDH2,CS,GATM
ALDH2,CS,GLUL
ALDH2,CS,GOT1
ALDH2,DRD1,SLC6A3
ALDH2,DRD2,HTR2A
ALDH2,DRD2,SLC6A3
ALDH2,GATM,GOT1
ALDH2,GATM,SIRT3
ALDH2,GCK,HK2
ALDH2,GLUL,GOT1
ALDH2,GLUL,SIRT3
ALDH2,HTR2A,MAOB
ALDH2,HTR2A,SLC6A3
ALDH2,HTR2A,TPH1
ALDH2,MDH2,SIRT3
ALDH3A1,CHAT,COMT
ALDH3A1,CHAT,MAOB
ALDH3A1,COMT,TPH1
ALDH3A1,CS,GOT1
ALDH3A1,DRD1,SLC6A3
ALDH3A1,DRD2,HTR2A
ALDH3A1,DRD2,SLC6A3
ALDH3A1,GATM,GLUL
ALDH3A1,GCK,HK2
ALDH3A1,GSR,NQO1
ALDH3A1,GSR,PRDX1
ALDH3A1,HTR2A,MAOB
ALDH3A1,HTR2A,SLC6A3
ALDH3A1,HTR2A,TPH1
ALDH3A1,OPRM1,SLC6A3
ATF4,CANX,EIF2AK2
ATF4,CRH,HCRT
ATF4,CRH,OPRM1
ATF4,PLA2G2A,PLA2G4A
BAX,BGLAP,SOX9
BAX,CANX,ITPR3
BAX,EIF2AK2,EIF2S1
BAX,GSR,NQO1
BAX,GSR,PRDX1
BAX,HK2,KCNJ11
BAX,HK2,TYMS
BAX,ITPR1,ITPR3
BAX,KEAP1,NQO1
BAX,PRDX1,SOD2
BAX,SIRT3,SOD2
BGLAP,COL1A2,NRP1
BGLAP,CTSK,ESRRA
BGLAP,CTSK,HCRT
BGLAP,EIF2AK2,EIF2S1
BGLAP,FGF23,ITGA5
BGLAP,FGF23,NRP1
BGLAP,FURIN,NPPA
BGLAP,HCRT,TNFSF11
BGLAP,ITGA5,SOX9
BGLAP,SOX9,VIM
BTK,EIF2AK2,EIF2S1
BTK,ITPR1,ITPR3
C3,F2,MB
C3,F2,PLA2G7
C3,FURIN,NRP1
C3,MB,MPO
C3,MPO,PLA2G7
CALR,COL1A1,COL1A2
CALR,EIF2AK2,EIF2S1
CAMP,CTSK,NFATC1
CAMP,FGF23,MPO
CAMP,MB,MPO
CAMP,MPO,OPRM1
CAMP,MPO,TFRC
CAMP,NCF2,RAC2
CAMP,NCOA2,RARA
CAMP,NCOA2,RXRA
CAMP,PRKCZ,RAC2
CANX,CFTR,TFRC
CANX,DUOX2,RAC2
CANX,EIF2AK2,EIF2S1
CANX,EIF2S1,ITPR3
CANX,GRM5,ITPR3
CANX,ITPR3,KCNH2
CDK5,PRDX1,RRM1
CDK5,PRDX1,SIRT3
CEBPA,CYP51A1,SQLE
CHAT,GATM,GLUL
CHAT,GOT1,MDH2
CHAT,GSR,PRDX1
CHAT,PRDX1,SOD2
CNR1,CRH,NTRK2
CNR1,DRD1,NTRK2
CNR1,DRD2,GRM5
CNR1,DRD2,HTR3A
CNR1,HTR2A,NTRK1
CNR1,HTR2A,PRKCG
CNR1,MGLL,OPRM1
CNR1,MGLL,TPH1
COL1A1,COL1A2,FABP4
COL1A1,COL1A2,FGF23
COL1A1,COL1A2,NRP1
COL1A2,FABP4,LPL
COL1A2,FGF23,ITGA5
COL1A2,FURIN,NRP1
COL1A2,ITGA5,NRP1
COL1A2,ITGA5,SOX9
COL1A2,ITGA5,TFRC
COMT,DRD1,GRM5
COMT,GRM5,SLC6A3
CRH,CTSK,HCRT
CRH,CTSK,TAC1
CRH,CTSK,TNFSF11
CRH,CYP11B2,HCRT
CRH,CYP11B2,OPRM1
CRH,CYP11B2,TAC1
CRH,EGR1,HCRT
CRH,GABBR1,OPRM1
CRH,GRM5,HTR2A
CRH,GRM5,NPY
CRH,GRM5,TAC1
CRH,HCRT,NFATC1
CRH,HCRT,NR1H4
CRH,HCRT,NTRK1
CRH,HCRT,NTRK2
CRH,HCRT,PRKCG
CRH,HCRT,RARA
CRH,HCRT,TNFSF11
CRH,HTR3A,NPY
CRH,IDO1,TPH1
CRH,NCOA2,NR1H4
CRH,NCOA2,RARA
CRH,NOS2,TAC1
CRH,NPY,SIRT3
CRH,NR1H4,TAC1
CRH,SIRT3,SOD2
CS,ESRRA,NCOA2
CS,FABP4,GOT1
CS,FABP4,MDH2
CS,GOT1,HPRT1
CS,HPRT1,MDH2
CS,MB,MT-CYB
CS,MDH2,MGLL
CS,MDH2,STAT4
CTSK,ESRRA,TNFSF11
CTSK,FGF23,TNFSF11
CTSK,HCRT,TNFSF11
CTSK,ITPR1,ITPR3
CTSK,SOX9,TNFSF11
CYP11B2,CYP19A1,CYP51A1
CYP11B2,CYP19A1,NPPA
CYP11B2,CYP19A1,OPRM1
CYP11B2,CYP19A1,SQLE
CYP11B2,CYP51A1,SQLE
CYP11B2,DRD1,NPPA
CYP19A1,CYP51A1,SQLE
CYP51A1,DGAT1,FASN
CYP51A1,DGAT1,SQLE
CYP51A1,DRD2,SQLE
CYP51A1,HNF4A,SQLE
CYP51A1,ITPR1,ITPR3
CYP51A1,ITPR1,SQLE
CYP51A1,ITPR3,SQLE
CYP51A1,KCNH2,SQLE
CYP51A1,OPRM1,SQLE
CYP7A1,PLA2G2A,PLA2G4A
CYP7A1,PLA2G2A,PLA2G7
DLG1,GRM5,HTR2A
DLG1,GSR,PRDX1
DRD1,GCK,NPPA
DRD1,GRM5,HTR2A
DRD1,GRM5,NPPA
DRD1,GRM5,SLC6A3
DRD1,HTR2A,HTR3A
DRD1,HTR3A,SLC6A3
DRD1,KCNJ11,NPPA
DRD1,NPPA,NR1H4
DRD1,RASA1,SLC6A3
DRD2,GOT1,SLC6A3
DRD2,GRM5,SLC6A3
DRD2,HTR2A,KCNH2
DRD2,HTR2A,MGLL
DRD2,HTR2A,TRPV1
DRD2,HTR3A,SLC6A3
DRD2,ITPR1,ITPR3
DRD2,OPRM1,TRPV1
DUOX2,MB,RAC2
DUOX2,NCF2,NOS2
DUOX2,NCF2,PLA2G4A
DUOX2,NCF2,PLD2
DUOX2,NOS2,RAC2
DUOX2,PLA2G4A,PLD2
DUOX2,PLA2G4A,RAC2
EGR1,PLA2G2A,PLA2G4A
EIF2AK2,EIF2S1,MAP3K5
EIF2AK2,EIF2S1,NOS2
EIF2AK2,EIF2S1,VIM
EIF2AK2,FURIN,NRP1
EIF2AK2,GSR,NQO1
EIF2AK2,GSR,PRDX1
EIF2AK2,ITPR1,ITPR3
EIF2AK2,KEAP1,NQO1
EIF2AK2,NANOG,POU5F1
EIF2AK2,PRDX1,SOD2
EIF2AK2,SIRT3,SOD2
EIF2S1,ITPR1,ITPR3
EPOR,FURIN,NRP1
ESRRA,FABP4,FASN
ESRRA,FABP4,LPL
ESRRA,ITPR1,ITPR3
ESRRA,KCNJ11,NCOA2
ESRRA,MB,MT-CYB
ESRRA,RARA,RXRA
FABP4,FASN,MDH2
FABP4,FASN,SIRT3
FABP4,GOT1,MDH2
FABP4,LPL,NR1I2
FABP4,LPL,SIRT3
FABP4,LPL,SOX9
FABP4,MGLL,TRPV1
FASN,GOT1,MDH2
FGF23,FURIN,NRP1
FGF23,ITGA5,THBS1
FGF23,NCOA2,RXRA
FKBP1A,HTR2A,HTR3A
FURIN,ITGA5,NRP1
FURIN,NANOG,POU5F1
FURIN,NOS2,NRP1
FURIN,NRP1,STAT4
GABRA1,GATM,GLUL
GATM,GLUL,TYMS
GATM,ITPR1,ITPR3
GCK,HK2,MDH2
GCK,HK2,POU5F1
GCK,HK2,SIRT3
GCK,HK2,SOD2
GCK,HK2,TPH1
GCK,NANOG,POU5F1
GCK,NTRK2,PYGM
GCK,SIRT3,SOD2
GJA1,PLA2G2A,PLA2G4A
GJA1,PLA2G2A,PLD2
GJA1,PLA2G4A,PLD2
GLUL,GOT1,TH
GLUL,MAOA,MAOB
GOT1,HPRT1,MDH2
GOT1,MAOA,MAOB
GOT1,TH,TPH1
GRIN2A,GRM5,PYGM
GRM5,HTR2A,TRPV1
GRM5,MAOA,MAOB
GSR,HPRT1,NQO1
GSR,HPRT1,PNP
GSR,KEAP1,RRM1
GSR,NOS2,PRDX1
GSR,NQO1,OPRM1
GSR,NQO1,PNP
GSR,NQO1,RASA1
GSR,NQO1,RRM1
GSR,PNP,SIRT3
GSR,PNP,SOD2
GSR,PRDX1,RRM1
GSR,PRDX1,STAT4
HCRT,NTRK1,NTRK2
HDAC6,HPRT1,PNP
HDAC6,PLA2G2A,PLD2
HK2,ITPR1,ITPR3
HK2,KEAP1,NQO1
HK2,NANOG,POU5F1
HK2,PRDX1,SOD2
HK2,PRKCZ,RAC2
HK2,SIRT3,SOD2
HPRT1,MDH2,PNP
HPRT1,NQO1,PNP
HPRT1,PNP,TFRC
HPRT1,PNP,TYMS
HTR2A,HTR3A,MAOB
HTR2A,HTR3A,NOS1
HTR2A,HTR3A,TRPV1
HTR2A,MGLL,TPH1
HTR2A,OPRM1,TRPV1
HTR2A,RASA1,SLC6A3
HTR3A,MAOA,MAOB
HTR3A,MAOB,TPH1
ITGA5,NRP1,THBS1
ITPR1,ITPR3,KEAP1
ITPR1,ITPR3,MB
ITPR1,ITPR3,MT-CYB
ITPR1,ITPR3,NOS2
ITPR1,ITPR3,NPPA
ITPR1,ITPR3,NRP1
ITPR1,ITPR3,OPRM1
ITPR1,ITPR3,PLD2
ITPR1,ITPR3,PRDX1
ITPR1,ITPR3,PRKCZ
ITPR1,ITPR3,PYGM
ITPR1,ITPR3,RASA1
ITPR1,ITPR3,SOX9
ITPR1,ITPR3,SQLE
ITPR3,PLA2G4A,PLD2
KEAP1,NOS2,NQO1
KEAP1,NQO1,NRP1
KEAP1,NQO1,PRKCZ
KEAP1,NQO1,RASA1
KEAP1,NQO1,RRM1
KEAP1,NQO1,TFRC
KEAP1,RRM1,TYMS
MAOA,MAOB,MDH2
MAOA,MAOB,NR1I2
MAP3K5,MDH2,PRDX1
MDH2,NANOG,POU5F1
MDH2,PNP,SIRT3
MT-CYB,NCF2,NRP1
MT-CYB,NCF2,PRKCZ
MT-CYB,PLA2G2A,PLA2G4A
MT-CYB,PLA2G2A,PLD2
MT-CYB,PLA2G4A,PLD2
MT-CYB,PLD2,PTGS1
NANOG,NQO1,POU5F1
NANOG,NR1I2,POU5F1
NANOG,NRP1,POU5F1
NANOG,POU5F1,PRKCZ
NANOG,POU5F1,RARA
NCF2,PLA2G2A,PLA2G4A
NCF2,PLA2G2A,PLD2
NCF2,PLA2G2A,PTGS1
NCF2,PLA2G2A,RAC2
NCF2,PLA2G4A,PLD2
NCF2,PLA2G4A,PTGS1
NCF2,PLA2G4A,RAC2
NCOA2,NR1H4,NR1I2
NCOA2,NR1H4,SIRT3
NCOA2,NR1I2,RARA
NCOA2,RARA,SIRT3
NCOA2,RXRA,SIRT3
NFATC1,PLA2G2A,PLA2G4A
NOS2,PLA2G2A,PLA2G4A
NOS2,PLA2G2A,PTGS1
NOS2,PLA2G4A,PTGS1
NOS2,PRDX1,SOD2
NQO1,PNP,SIRT3
NR1I2,SIRT3,SOD2
PLA2G2A,PLA2G4A,PRKCZ
PLA2G2A,PLA2G4A,RAC2
PLA2G2A,PLD2,PRKCG
PLA2G2A,PLD2,PRKCZ
PLA2G2A,PRKCZ,RAC2
PLA2G2A,PTGS1,RAC2
PLA2G4A,PLD2,PRKCZ
PLA2G4A,PLD2,RASA1
PLD2,RAC2,RASA1
PNP,RRM1,TYMS
PRDX1,PRKCZ,RAC2
PRDX1,RRM1,SOD2
PRDX1,RRM1,TYMS
