"gene","degree","log1p_degree","betweenness","betweenness_percentile","participation","community"
"AADAT",3,1.38629436111989,2.49003910760581e-05,0.191680261011419,0,1
"AANAT",5,1.79175946922805,3.37940744856912e-05,0.207177814029364,0.56,2
"AASS",2,1.09861228866811,1.94323726169957e-05,0.18189233278956,0,1
"ABAT",9,2.30258509299405,0.000249485053377662,0.416802610114193,0.493827160493827,1
"ABCA1",17,2.89037175789616,0.000211485827559374,0.395595432300163,0.110726643598616,3
"ABCA7",2,1.09861228866811,0,0.0436378466557912,0,3
"ABCB1",10,2.39789527279837,0.000443255900831923,0.50815660685155,0.18,4
"ABCB11",6,1.94591014905531,1.59625200839182e-05,0.17373572593801,0.444444444444444,4
"ABCC1",1,0.693147180559945,0,0.0436378466557912,0,4
"ABCC2",12,2.56494935746154,0.000733384536774249,0.608482871125612,0.375,4
"ABCC8",12,2.56494935746154,0.00112988696200512,0.692495921696574,0.444444444444444,3
"ABCC9",4,1.6094379124341,2.99101443146302e-05,0.203099510603589,0.5,3
"ABCG2",16,2.83321334405622,0.00519522733599352,0.918433931484502,0.625,4
"ABCG4",1,0.693147180559945,0,0.0436378466557912,0,3
"ABCG5",18,2.94443897916644,0.000834177898485482,0.632137030995106,0.438271604938272,3
"ABCG8",13,2.63905732961526,0.000288933165456914,0.438009787928222,0.461538461538462,3
"ABL1",45,3.8286413964891,0.00185601626232253,0.789559543230016,0.554074074074074,5
"ACAA2",7,2.07944154167984,0.000176746772725852,0.364600326264274,0.489795918367347,1
"ACACA",24,3.2188758248682,0.00123227358621424,0.705546492659054,0.413194444444444,3
"ACACB",17,2.89037175789616,0.000444206033015658,0.50978792822186,0.290657439446367,3
"ACADM",8,2.19722457733622,0.00245401423624862,0.83442088091354,0.53125,3
"ACE",34,3.55534806148941,0.00464128652332111,0.907830342577488,0.754325259515571,2
"ACE2",24,3.2188758248682,0.000995259990726428,0.666394779771615,0.642361111111111,6
"ACHE",13,2.63905732961526,0.0015044074483202,0.743882544861338,0.662721893491124,2
"ACLY",20,3.04452243772342,0.00224771864369513,0.820554649265905,0.585,1
"ACP1",1,0.693147180559945,0,0.0436378466557912,0,5
"ACPP",1,0.693147180559945,0,0.0436378466557912,0,3
"ACSL1",21,3.09104245335832,0.00137815697473858,0.721859706362153,0.253968253968254,3
"ACSL4",10,2.39789527279837,0.0001711131853743,0.359706362153344,0.18,3
"ACSS2",13,2.63905732961526,0.000965503297758046,0.661500815660685,0.63905325443787,1
"ACTA1",11,2.484906649788,0.000617135202292097,0.570962479608483,0.611570247933884,2
"ACTA2",11,2.484906649788,0.000544998651026253,0.549755301794454,0.677685950413223,6
"ACTB",124,4.8283137373023,0.0291478860417173,0.99510603588907,0.668314255983351,5
"ACTC1",9,2.30258509299405,0.000449983656352243,0.512234910277325,0.518518518518519,2
"ACTG1",22,3.13549421592915,0.000947383397375934,0.658238172920065,0.694214876033058,5
"ACTG2",4,1.6094379124341,5.42240790893146e-06,0.125611745513866,0.625,2
"ACTR1A",4,1.6094379124341,0.00164708941059769,0.761827079934747,0.5,2
"ACTR2",7,2.07944154167984,0.000145187074024919,0.338499184339315,0.693877551020408,7
"ADA",11,2.484906649788,0.000763591822660397,0.616639477977161,0.429752066115702,8
"ADAMTS4",7,2.07944154167984,9.85547281786149e-06,0.147634584013051,0,6
"ADAMTS5",5,1.79175946922805,7.59911337684421e-07,0.0970636215334421,0.32,6
"ADCY1",24,3.2188758248682,0.00251693908242514,0.84094616639478,0.229166666666667,8
"ADCY2",22,3.13549421592915,0.00235613110921189,0.8278955954323,0.247933884297521,8
"ADH1A",25,3.25809653802148,0.000655213895018149,0.579934747145188,0.2112,4
"ADH1B",25,3.25809653802148,0.000640445363791645,0.574225122349103,0.2112,4
"ADH1C",26,3.29583686600433,0.000691406138386265,0.595432300163132,0.20414201183432,4
"ADH4",22,3.13549421592915,0.000614525953788665,0.570146818923328,0.235537190082645,4
"ADH5",21,3.09104245335832,0.00169086891451014,0.768352365415987,0.321995464852608,4
"ADH6",27,3.3322045101752,0.000746806934814614,0.610114192495922,0.197530864197531,4
"ADH7",24,3.2188758248682,0.000697438471161793,0.599510603588907,0.21875,4
"ADIPOQ",37,3.63758615972639,0.00146817192659154,0.735725938009788,0.524470416362308,3
"ADK",15,2.77258872223978,0.00104762622602241,0.672920065252855,0.231111111111111,8
"ADORA1",6,1.94591014905531,0.000457702736623504,0.517944535073409,0.444444444444444,2
"ADORA2A",14,2.70805020110221,0.00371317736362812,0.887438825448613,0.693877551020408,2
"ADRA1A",3,1.38629436111989,6.46530305227205e-06,0.132137030995106,0.444444444444444,2
"ADRA1B",3,1.38629436111989,1.0678262387529e-05,0.153344208809135,0,2
"ADRA2A",6,1.94591014905531,2.89627346031384e-05,0.199836867862969,0,2
"ADRA2C",4,1.6094379124341,0.000175241643718426,0.362153344208809,0,2
"ADRB1",8,2.19722457733622,0.000103515957034915,0.301794453507341,0.53125,2
"ADRB2",23,3.17805383034795,0.00251663886351544,0.840130505709625,0.75992438563327,2
"ADRB3",9,2.30258509299405,0.0001339772514244,0.32626427406199,0.493827160493827,3
"AFM",1,0.693147180559945,0,0.0436378466557912,0,3
"AFP",19,2.99573227355399,0.000881332340667761,0.640293637846656,0.686980609418283,3
"AGT",60,4.11087386417331,0.0118702546905769,0.975530179445351,0.743888888888889,2
"AGTR1",22,3.13549421592915,0.00126111007374969,0.708809135399674,0.677685950413223,2
"AGTR2",6,1.94591014905531,1.00459124475622e-06,0.098694942903752,0.277777777777778,2
"AGXT",13,2.63905732961526,0.0016050143194302,0.752039151712887,0.142011834319526,1
"AGXT2",19,2.99573227355399,0.00238341053867816,0.82952691680261,0.265927977839335,1
"AHCYL1",4,1.6094379124341,1.19008726917606e-05,0.158238172920065,0.5,8
"AHR",8,2.19722457733622,0.000359855957562849,0.470636215334421,0.59375,4
"AHSA1",7,2.07944154167984,9.09493393832408e-05,0.291190864600326,0,5
"AHSP",6,1.94591014905531,6.67794615736406e-05,0.258564437194127,0.277777777777778,3
"AIFM1",3,1.38629436111989,1.29217398273382e-05,0.16394779771615,0.666666666666667,1
"AIMP2",2,1.09861228866811,0,0.0436378466557912,0,5
"AKR1A1",8,2.19722457733622,0.000268223093876603,0.429853181076672,0.375,4
"AKR1B1",15,2.77258872223978,0.00161770590877475,0.753670473083197,0.648888888888889,3
"AKR1B10",15,2.77258872223978,0.00164834231543513,0.762642740619902,0.648888888888889,3
"AKR1C1",22,3.13549421592915,0.000911098503366637,0.646003262642741,0.165289256198347,4
"AKR1C2",10,2.39789527279837,1.0065066897242e-05,0.151712887438825,0,4
"AKR1C3",30,3.43398720448515,0.00185275411716785,0.788743882544861,0.237777777777778,4
"AKR1C4",10,2.39789527279837,8.64523680812339e-06,0.144371941272431,0,4
"AKR1D1",19,2.99573227355399,0.00172232154756886,0.772430668841762,0,4
"AKT1",215,5.37527840768417,0.0493467946608034,0.99836867862969,0.705462412114657,5
"AKT2",54,4.00733318523247,0.00123879848674807,0.707177814029364,0.52400548696845,5
"ALAD",4,1.6094379124341,0.000183945109702378,0.374388254486134,0.375,1
"ALAS1",11,2.484906649788,0.000630139205128103,0.572593800978793,0,1
"ALAS2",14,2.70805020110221,0.000962499615868067,0.66068515497553,0.459183673469388,1
"ALB",117,4.77068462446567,0.0370126756191112,0.99673735725938,0.747023157279568,3
"ALDH1A1",33,3.52636052461616,0.00939130298813796,0.966557911908646,0.361799816345271,4
"ALDH1A2",23,3.17805383034795,0.000317395825738508,0.447389885807504,0,4
"ALDH1A3",23,3.17805383034795,0.000317395825738508,0.447389885807504,0,4
"ALDH1B1",20,3.04452243772342,0.00113220810633447,0.694127243066884,0.655,4
"ALDH2",23,3.17805383034795,0.00204901828543346,0.808319738988581,0.665406427221172,4
"ALDH3A1",22,3.13549421592915,0.0014160886412379,0.730016313213703,0.495867768595041,4
"ALDOA",7,2.07944154167984,0.000319780172863975,0.448613376835237,0.408163265306122,3
"ALOX12",11,2.484906649788,0.000154787814010834,0.34910277324633,0.314049586776859,4
"ALOX5",12,2.56494935746154,0.000624809311235898,0.571778140293638,0.277777777777778,4
"AMY1A",1,0.693147180559945,0,0.0436378466557912,0,3
"AMY1B",8,2.19722457733622,0.00177845343028265,0.779771615008157,0,3
"AMY2A",8,2.19722457733622,0.000380788414191135,0.478792822185971,0,3
"AMY2B",7,2.07944154167984,0.000145800369058166,0.33931484502447,0,3
"ANO1",2,1.09861228866811,5.29947406568196e-06,0.124796084828711,0.5,7
"ANPEP",17,2.89037175789616,0.00107179442974224,0.681076672104405,0.802768166089965,3
"ANXA5",33,3.52636052461616,0.000480417089732094,0.528548123980424,0.670339761248852,5
"AOX1",37,3.63758615972639,0.0054492326539623,0.925774877650897,0.327246165084003,4
"APAF1",22,3.13549421592915,4.96165937476417e-05,0.236541598694943,0.309917355371901,5
"APCS",8,2.19722457733622,0.00166118738845279,0.766721044045677,0.375,3
"APLP1",2,1.09861228866811,9.19020095111584e-07,0.0978792822185971,0.5,3
"APOA1",44,3.80666248977032,0.00711251203519719,0.947797716150082,0.340909090909091,3
"APOA4",14,2.70805020110221,0.000537880782935388,0.544861337683524,0.13265306122449,3
"APOB",46,3.85014760171006,0.00618832051786282,0.938825448613377,0.508506616257089,3
"APOD",6,1.94591014905531,0.00326263838868881,0.871125611745514,0,3
"APOE",60,4.11087386417331,0.0107805212066113,0.971451876019576,0.636666666666667,3
"APOM",9,2.30258509299405,8.7824235043473e-05,0.286296900489396,0.197530864197531,3
"APP",67,4.21950770517611,0.0149529195434123,0.981239804241436,0.797059478725774,3
"APRT",18,2.94443897916644,0.000776062185801125,0.618270799347471,0.203703703703704,8
"AQP1",3,1.38629436111989,0.000126578942764458,0.320554649265905,0,3
"AQP3",2,1.09861228866811,4.18127546832408e-05,0.225530179445351,0,3
"AQP9",2,1.09861228866811,4.18127546832408e-05,0.225530179445351,0,3
"AR",48,3.89182029811063,0.00461783910624924,0.906199021207178,0.526041666666667,5
"ARF1",11,2.484906649788,0.000243136741346031,0.411908646003263,0.545454545454545,7
"ARF3",9,2.30258509299405,0.000158687416586907,0.352365415986949,0.197530864197531,7
"ARF4",7,2.07944154167984,0.000190939301398338,0.380097879282219,0.612244897959184,7
"ARF5",4,1.6094379124341,0,0.0436378466557912,0.375,7
"ARF6",10,2.39789527279837,0.000169471429370602,0.358075040783034,0.56,7
"ARG1",21,3.09104245335832,0.0048056895198566,0.911092985318108,0.489795918367347,6
"ARRB2",46,3.85014760171006,0.00836664858770403,0.957585644371941,0.773156899810964,2
"ARRDC3",3,1.38629436111989,1.20163686620827e-05,0.15905383360522,0.444444444444444,2
"ASPA",6,1.94591014905531,7.23204117696086e-06,0.139477977161501,0,1
"ATF1",6,1.94591014905531,7.46379125472179e-05,0.269168026101142,0.444444444444444,5
"ATF2",31,3.46573590279973,0.000752692263102842,0.612561174551387,0.283038501560874,5
"ATF3",31,3.46573590279973,0.000422282926286889,0.499184339314845,0.270551508844953,5
"ATF4",30,3.43398720448515,0.00107870255736198,0.682707993474715,0.522222222222222,5
"ATF5",8,2.19722457733622,0.000691510055311104,0.596247960848287,0.21875,5
"ATF6",21,3.09104245335832,0.00039082543377226,0.482871125611745,0.321995464852608,5
"ATF7",9,2.30258509299405,0.00168021703128881,0.767536704730832,0,5
"ATG12",12,2.56494935746154,8.04654491776054e-05,0.278140293637847,0.291666666666667,5
"ATG5",23,3.17805383034795,0.000669448617752687,0.584013050570963,0.362948960302457,5
"ATG7",17,2.89037175789616,0.000231341102403897,0.408646003262643,0.110726643598616,5
"ATIC",12,2.56494935746154,0.00269266357790222,0.848287112561175,0.666666666666667,1
"ATM",47,3.87120101090789,0.000939706674270182,0.654975530179445,0.230873698506111,5
"ATOX1",2,1.09861228866811,6.76944577311e-06,0.136215334420881,0.5,1
"ATP1A1",11,2.484906649788,0.000360327098085034,0.471451876019576,0.628099173553719,8
"ATP1A2",10,2.39789527279837,0.000755887939536154,0.615008156606852,0.56,8
"ATP1A3",10,2.39789527279837,0.000265030843324067,0.425774877650897,0.56,8
"ATP1A4",9,2.30258509299405,0.000132677786388125,0.325448613376835,0.493827160493827,8
"ATP2A1",4,1.6094379124341,5.49456209203093e-05,0.243066884176183,0.625,8
"ATP2B3",8,2.19722457733622,0.000138464144184008,0.331973898858075,0.21875,8
"ATP2C2",1,0.693147180559945,0,0.0436378466557912,0,6
"ATP5F1E",5,1.79175946922805,6.31592646018436e-05,0.252854812398042,0.32,1
"ATR",10,2.39789527279837,8.13034745562407e-06,0.141924959216966,0,5
"AURKA",30,3.43398720448515,0.00119328071732839,0.702283849918434,0.124444444444444,5
"AURKB",25,3.25809653802148,0.00149695930813604,0.743066884176183,0.1504,5
"AURKC",5,1.79175946922805,0,0.0436378466557912,0,5
"AVPR1A",2,1.09861228866811,0,0.0436378466557912,0,2
"AXIN1",19,2.99573227355399,0.000245312019622345,0.415986949429038,0.193905817174515,5
"AXIN2",10,2.39789527279837,1.11257638929726e-05,0.154975530179445,0,5
"AXL",12,2.56494935746154,0.000426191948328782,0.50163132137031,0.569444444444444,7
"BACE1",12,2.56494935746154,0.000847821155972781,0.635399673735726,0.694444444444444,3
"BAD",20,3.04452243772342,0.000184335991843235,0.375203915171289,0.255,5
"BAK1",13,2.63905732961526,2.43780128260126e-05,0.190864600326264,0.272189349112426,5
"BAX",23,3.17805383034795,0.00123038393479513,0.704730831973899,0.366729678638941,5
"BCAT2",4,1.6094379124341,0.000357139932889232,0.468189233278956,0,1
"BCHE",12,2.56494935746154,0.000682340797012977,0.592169657422512,0.652777777777778,3
"BCL2",125,4.83628190695148,0.00908999904315237,0.963295269168026,0.598656,5
"BCL2L1",76,4.34380542185368,0.00272761656635386,0.849918433931484,0.584487534626039,5
"BDNF",68,4.23410650459726,0.0140472936283041,0.978792822185971,0.806660899653979,2
"BECN1",48,3.89182029811063,0.00172896991043671,0.773246329526917,0.544270833333333,5
"BGLAP",24,3.2188758248682,0.00200345792039304,0.804241435562806,0.642361111111111,6
"BHLHE40",4,1.6094379124341,1.26405441692023e-05,0.163132137030995,0.5,3
"BID",21,3.09104245335832,0.000163639519317581,0.354812398042414,0.557823129251701,5
"BIRC2",33,3.52636052461616,0.00012480738873671,0.318923327895595,0.422405876951331,6
"BIRC3",30,3.43398720448515,7.62604028466828e-05,0.271615008156607,0.42,6
"BIRC5",29,3.40119738166216,0.000698674481278525,0.600326264274062,0.244946492271106,5
"BMI1",26,3.29583686600433,0.000352189471142171,0.463295269168026,0.275147928994083,5
"BMP2",21,3.09104245335832,0.000593236170796792,0.563621533442088,0.648526077097506,6
"BMP4",19,2.99573227355399,0.000120219451914835,0.31647634584013,0.570637119113573,5
"BMPR2",10,2.39789527279837,0.00113359299885154,0.694942903752039,0.64,5
"BRCA1",64,4.17438726989564,0.00449199739641627,0.904567699836868,0.3994140625,5
"BTK",24,3.2188758248682,0.00135988178710285,0.719412724306688,0.583333333333333,6
"C3",28,3.36729582998647,0.00116543404030143,0.698205546492659,0.522959183673469,6
"C8G",3,1.38629436111989,0.000100727526429129,0.298531810766721,0.444444444444444,4
"CA1",5,1.79175946922805,0.000384793111821903,0.480424143556281,0.56,3
"CA2",4,1.6094379124341,0.000108849070563543,0.308319738988581,0.375,3
"CACNA1A",32,3.49650756146648,0.0039622440061886,0.895595432300163,0.119140625,8
"CACNA1B",24,3.2188758248682,0.00105155083636957,0.674551386623165,0.0798611111111109,8
"CACNA1C",55,4.02535169073515,0.0113343583039059,0.973898858075041,0.232066115702479,8
"CACNA1D",50,3.93182563272433,0.0056235417244002,0.931484502446982,0.1856,8
"CACNA1E",19,2.99573227355399,0.000732036267253557,0.606851549755302,0.0997229916897509,8
"CACNA1G",32,3.49650756146648,0.00315667578723059,0.867047308319739,0.228515625,8
"CACNA1H",37,3.63758615972639,0.00313357956649078,0.866231647634584,0.151935719503287,8
"CACNA1I",12,2.56494935746154,8.6554160666196e-05,0.284665579119086,0.152777777777778,8
"CACNA2D2",15,2.77258872223978,2.00005629534799e-06,0.107667210440457,0,8
"CACNA2D3",15,2.77258872223978,3.06761534890937e-06,0.113376835236542,0,8
"CACNA2D4",19,2.99573227355399,8.76937940065622e-06,0.145187601957586,0,8
"CACNB1",17,2.89037175789616,3.4059912029321e-06,0.118270799347471,0,8
"CACNB2",28,3.36729582998647,0.00042055498388134,0.497553017944535,0,8
"CACNB3",21,3.09104245335832,1.48220265133672e-05,0.170065252854812,0,8
"CACNB4",26,3.29583686600433,0.000917715027435405,0.646818923327896,0.210059171597633,8
"CACNG1",21,3.09104245335832,1.48220265133672e-05,0.170065252854812,0,8
"CACNG2",37,3.63758615972639,0.00110816594996802,0.687601957585644,0,8
"CACNG3",27,3.3322045101752,0.000281572788027422,0.434747145187602,0,8
"CACNG4",30,3.43398720448515,0.000346616265086477,0.460848287112561,0,8
"CACNG6",16,2.83321334405622,1.16993220428233e-05,0.15742251223491,0,8
"CALCA",3,1.38629436111989,1.92698967109731e-05,0.179445350734095,0.444444444444444,3
"CALCR",6,1.94591014905531,0.000407352882477555,0.491027732463295,0.722222222222222,3
"CALM1",38,3.66356164612965,0.00253620541798659,0.84257748776509,0.498614958448753,8
"CALM2",26,3.29583686600433,0.000985070757627717,0.663132137030995,0.27810650887574,8
"CALM3",95,4.56434819146784,0.0206143037070978,0.99184339314845,0.577063711911357,8
"CALML3",88,4.48863636973214,0.016459609279392,0.9836867862969,0.560433884297521,8
"CALML5",90,4.51085950651685,0.0185546565917737,0.987765089722675,0.57283950617284,8
"CALR",26,3.29583686600433,0.00112390480844047,0.690864600326264,0.695266272189349,5
"CAMK2G",9,2.30258509299405,3.31381651439874e-06,0.116639477977161,0.197530864197531,8
"CAMK4",15,2.77258872223978,0.000253647330004265,0.418433931484502,0.551111111111111,8
"CAMKK2",12,2.56494935746154,0.000117828381183569,0.314845024469821,0.625,3
"CAMLG",1,0.693147180559945,0,0.0436378466557912,0,7
"CAMP",17,2.89037175789616,0.00330492333606461,0.872756933115824,0.539792387543253,6
"CANX",17,2.89037175789616,0.000553659679392615,0.553017944535073,0.546712802768166,5
"CAPN10",2,1.09861228866811,0.00163265306122449,0.75652528548124,0,3
"CASP1",45,3.8286413964891,0.00252663859433823,0.841761827079935,0.587654320987654,6
"CASP3",116,4.76217393479776,0.0102106552467339,0.969004893964111,0.583085612366231,5
"CASP6",16,2.83321334405622,7.99354244335558e-05,0.275693311582382,0.4140625,5
"CASP7",25,3.25809653802148,0.000145103303640197,0.33768352365416,0.3936,5
"CASP8",63,4.15888308335967,0.00123465928189206,0.706362153344209,0.531116150163769,5
"CASP9",45,3.8286413964891,0.000432715435991161,0.505709624796085,0.451358024691358,5
"CASQ1",5,1.79175946922805,4.02069497080051e-05,0.217781402936378,0.32,8
"CASR",4,1.6094379124341,0.000225374495274686,0.402120717781403,0.75,9
"CAT",4,1.6094379124341,0.000169168716594028,0.356443719412724,0.375,1
"CATSPER1",14,2.70805020110221,0,0.0436378466557912,0,8
"CAV1",74,4.31748811353631,0.0113501659555087,0.974714518760196,0.784514243973703,7
"CBR1",17,2.89037175789616,0.000832608354517764,0.630505709624796,0.304498269896194,4
"CBR3",14,2.70805020110221,0.000310005564631617,0.444535073409462,0.13265306122449,4
"CCK",26,3.29583686600433,0.000828615385550263,0.628874388254486,0.730769230769231,2
"CCL2",91,4.52178857704904,0.0030909104148709,0.865415986949429,0.377732157951938,6
"CCL22",24,3.2188758248682,1.5703664626825e-05,0.172920065252855,0,6
"CCL3",40,3.71357206670431,0.000244474563566274,0.414355628058728,0.1425,6
"CCL8",10,2.39789527279837,1.1313781746159e-06,0.100326264274062,0,6
"CCN2",35,3.58351893845611,0.000728980807887148,0.604404567699837,0.649795918367347,6
"CCNA2",42,3.76120011569356,0.00149453703640695,0.742251223491028,0,5
"CCNB1",46,3.85014760171006,0.00138708512955716,0.724306688417618,0.0841209829867675,5
"CCND1",90,4.51085950651685,0.00397445321881811,0.896411092985318,0.34395061728395,5
"CCND3",19,2.99573227355399,0.000134568032263456,0.327079934747145,0.0997229916897509,5
"CCR6",22,3.13549421592915,8.01586339938804e-05,0.277324632952692,0.169421487603306,6
"CCR7",37,3.63758615972639,0.00029781637203075,0.442088091353997,0.151935719503287,6
"CD14",6,1.94591014905531,7.05007278777577e-06,0.138662316476346,0.277777777777778,6
"CD163",20,3.04452243772342,0.000432184079033842,0.50489396411093,0.18,6
"CD274",35,3.58351893845611,0.000686486719183479,0.594616639477977,0.448979591836735,6
"CD36",54,4.00733318523247,0.00649501939340016,0.941272430668842,0.613854595336077,3
"CD40",57,4.06044301054642,0.000865870388970416,0.638662316476346,0.251769775315482,6
"CD40LG",38,3.66356164612965,0.000112671227998217,0.311582381729201,0,6
"CD44",94,4.55387689160054,0.0105677138721118,0.970636215334421,0.631054775916704,6
"CD55",4,1.6094379124341,0.000101924176271277,0.299347471451876,0.5,2
"CD80",37,3.63758615972639,0.000214519262673273,0.398042414355628,0.0525931336742147,6
"CD83",13,2.63905732961526,5.55777866702236e-08,0.0872756933115824,0,6
"CD86",39,3.68887945411394,0.000271422613432634,0.431484502446982,0.0986193293885602,6
"CDC25A",28,3.36729582998647,0.000132503510050155,0.32463295269168,0,5
"CDH1",70,4.26267987704132,0.00546144233456538,0.926590538336052,0.57265306122449,5
"CDH5",21,3.09104245335832,0.00024972460625249,0.417618270799347,0.698412698412698,7
"CDK1",63,4.15888308335967,0.00482381674549658,0.911908646003263,0.120433358528597,5
"CDK2",52,3.97029191355212,0.00138355830753849,0.723491027732463,0,5
"CDK4",53,3.98898404656427,0.00216420414887164,0.815660685154976,0.273406906372375,5
"CDK5",31,3.46573590279973,0.00392446920474241,0.894779771615008,0.618106139438085,5
"CDK8",10,2.39789527279837,2.97362702841938e-06,0.112561174551387,0,5
"CDKN1A",68,4.23410650459726,0.0016257693892157,0.754486133768352,0.260813148788927,5
"CDKN1B",40,3.71357206670431,0.000536160264134956,0.544045676998369,0.255,5
"CDKN1C",17,2.89037175789616,3.16893838539431e-05,0.205546492659054,0.110726643598616,5
"CDKN2A",62,4.14313472639153,0.00491551203340281,0.913539967373573,0.36264308012487,5
"CDT1",19,2.99573227355399,0.000121608439547036,0.317292006525285,0,5
"CEBPA",40,3.71357206670431,0.00194942153113508,0.796900489396411,0.505,5
"CEBPB",51,3.95124371858143,0.00366553329905613,0.886623164763458,0.53517877739331,5
"CELF1",2,1.09861228866811,1.37807609627106e-06,0.101141924959217,0,5
"CES1",11,2.484906649788,0.00113135707497172,0.693311582381729,0.314049586776859,4
"CFLAR",21,3.09104245335832,6.16309606323536e-05,0.252039151712887,0.54421768707483,6
"CFTR",25,3.25809653802148,0.00522753800439538,0.920065252854812,0.6592,5
"CHAT",15,2.77258872223978,0.00316737303140285,0.868678629690049,0.648888888888889,2
"CHEK1",41,3.73766961828337,0.000924136640726937,0.651712887438825,0,5
"CHEK2",19,2.99573227355399,0.000212800688504456,0.396411092985318,0,5
"CHRM1",8,2.19722457733622,0.000685238981446042,0.592985318107667,0.65625,2
"CHRM2",4,1.6094379124341,0.000388785863063651,0.48205546492659,0.375,2
"CHRM3",2,1.09861228866811,0,0.0436378466557912,0.5,2
"CHRNA10",3,1.38629436111989,2.96762847940514e-05,0.202283849918434,0,2
"CHRNA2",6,1.94591014905531,0,0.0436378466557912,0,2
"CHRNA3",9,2.30258509299405,0.00111484640505846,0.688417618270799,0.37037037037037,2
"CHRNA4",11,2.484906649788,0.00180618955617142,0.781402936378467,0.314049586776859,2
"CHRNA5",6,1.94591014905531,0.000266843129459037,0.428221859706362,0.277777777777778,2
"CHRNA7",7,2.07944154167984,0.00111717136176733,0.689233278955954,0.244897959183674,2
"CHRNA9",9,2.30258509299405,0.000205604310149451,0.390701468189233,0,2
"CHRNB2",9,2.30258509299405,0.00106166223766913,0.67699836867863,0.197530864197531,2
"CHRNB3",7,2.07944154167984,0.000244431750767303,0.413539967373573,0.244897959183674,2
"CHUK",48,3.89182029811063,0.00110155243728411,0.686786296900489,0.509548611111111,6
"CKB",4,1.6094379124341,0.000747710073301564,0.610929853181077,0.5,1
"CLDN1",6,1.94591014905531,8.97960531391723e-05,0.290375203915171,0.277777777777778,5
"CLDN4",4,1.6094379124341,1.72208439825174e-06,0.102773246329527,0,5
"CLDN5",9,2.30258509299405,0.000147651344521267,0.341761827079935,0.641975308641975,5
"CLEC4E",3,1.38629436111989,2.00846332551902e-07,0.0905383360522023,0,6
"CLIP1",6,1.94591014905531,1.63770596667047e-05,0.174551386623165,0.277777777777778,5
"CMA1",3,1.38629436111989,0,0.0436378466557912,0,2
"CNR1",13,2.63905732961526,0.002443956327876,0.833605220228385,0.556213017751479,2
"CNR2",2,1.09861228866811,0,0.0436378466557912,0,2
"COL11A2",5,1.79175946922805,4.4122529701883e-05,0.230016313213703,0.32,6
"COL1A1",34,3.55534806148941,0.00306649330014527,0.864600326264274,0.423875432525951,6
"COL1A2",21,3.09104245335832,0.0009471625412375,0.65742251223491,0.399092970521542,6
"COL3A1",13,2.63905732961526,0.000661688661228383,0.582381729200653,0,6
"COMT",32,3.49650756146648,0.00351630065791592,0.884176182707993,0.5,2
"COX5A",15,2.77258872223978,0.000154364763497741,0.348287112561175,0,1
"COX5B",16,2.83321334405622,0.000463386030464025,0.520391517128874,0.2265625,1
"COX6A2",12,2.56494935746154,4.16899833621997e-05,0.223491027732463,0,1
"COX6B1",12,2.56494935746154,4.16899833621997e-05,0.223491027732463,0,1
"COX6C",13,2.63905732961526,0.000136945580659142,0.33115823817292,0,1
"COX7B",12,2.56494935746154,4.16899833621997e-05,0.223491027732463,0,1
"CP",12,2.56494935746154,0.000495032769074004,0.533442088091354,0.625,3
"CPS1",5,1.79175946922805,0.000157940511383341,0.350734094616639,0.32,1
"CPT1A",21,3.09104245335832,0.000918877659543015,0.64763458401305,0.090702947845805,3
"CPT1B",12,2.56494935746154,0.00017202401096884,0.361337683523654,0,3
"CPT1C",8,2.19722457733622,1.45140046882466e-05,0.168026101141925,0,3
"CRBN",8,2.19722457733622,0.000385136088114396,0.481239804241436,0.5625,5
"CREB1",77,4.35670882668959,0.00788892484394638,0.955138662316476,0.637206948895261,5
"CRH",19,2.99573227355399,0.000640658869521187,0.575040783034258,0.60387811634349,2
"CRK",28,3.36729582998647,0.000152416483545085,0.346655791190865,0.482142857142857,7
"CRMP1",4,1.6094379124341,0.000186692646581256,0.376019575856444,0.625,7
"CRP",62,4.14313472639153,0.0055119204822205,0.929037520391517,0.58636836628512,6
"CRTC1",2,1.09861228866811,0,0.0436378466557912,0.5,3
"CRTC2",18,2.94443897916644,0.000425946280387429,0.5,0.592592592592593,3
"CRYZ",6,1.94591014905531,0,0.0436378466557912,0,1
"CS",24,3.2188758248682,0.00316417593551667,0.867862969004894,0.434027777777778,1
"CSAD",4,1.6094379124341,1.21288330356444e-05,0.159869494290375,0,1
"CSF1",38,3.66356164612965,0.000281118637804569,0.433931484502447,0.447368421052632,6
"CSF2",48,3.89182029811063,0.000261584063884225,0.421696574225122,0.288194444444444,6
"CSF3",40,3.71357206670431,0.000743993011347223,0.609298531810767,0.34125,6
"CSK",14,2.70805020110221,5.14332271021012e-05,0.239804241435563,0.581632653061225,7
"CTNNB1",144,4.97673374242057,0.0216549401635601,0.992659053833605,0.586709104938272,5
"CTRB1",11,2.484906649788,0.00082142420146638,0.628058727569331,0.429752066115702,3
"CTSD",18,2.94443897916644,0.00152359177946486,0.746329526916803,0.697530864197531,3
"CTSG",12,2.56494935746154,0.000648713959847826,0.578303425774878,0.569444444444444,3
"CTSK",20,3.04452243772342,0.00186454730222709,0.791190864600326,0.65,6
"CTSL",8,2.19722457733622,7.56926833269462e-05,0.269983686786297,0.65625,6
"CTTN",19,2.99573227355399,0.000529381129545046,0.541598694942904,0.64819944598338,7
"CX3CR1",22,3.13549421592915,0.000160057100273501,0.353996737357259,0.318181818181818,6
"CXADR",2,1.09861228866811,1.65574632482056e-05,0.17536704730832,0.5,2
"CXCL1",41,3.73766961828337,0.000103991865807276,0.305057096247961,0.138013087447948,6
"CXCL10",48,3.89182029811063,0.00041056573995199,0.49184339314845,0.0807291666666665,6
"CXCL13",20,3.04452243772342,3.67132226489868e-05,0.210440456769984,0.0950000000000001,6
"CXCL2",31,3.46573590279973,0.000181258768963842,0.369494290375204,0.122788761706556,6
"CXCL8",95,4.56434819146784,0.00608283215085598,0.937194127243067,0.474681440443213,6
"CXCR4",62,4.14313472639153,0.0038482808273581,0.891517128874388,0.540582726326743,6
"CYB5A",12,2.56494935746154,0.00079905779427653,0.623164763458401,0.486111111111111,4
"CYBA",22,3.13549421592915,0.000471450961447727,0.524469820554649,0.607438016528926,7
"CYBB",39,3.68887945411394,0.00229124409231681,0.82300163132137,0.766600920447074,7
"CYC1",17,2.89037175789616,0.000399741895986681,0.48694942903752,0.110726643598616,1
"CYCS",74,4.31748811353631,0.0199152324262602,0.991027732463295,0.682980277574872,1
"CYP11A1",10,2.39789527279837,0.000339783228544738,0.459216965742251,0.46,4
"CYP11B1",15,2.77258872223978,0.000614143456733262,0.569331158238173,0.337777777777778,4
"CYP11B2",22,3.13549421592915,0.00197269364593927,0.800163132137031,0.59504132231405,4
"CYP17A1",26,3.29583686600433,0.00148223533073707,0.741435562805873,0.21301775147929,4
"CYP19A1",29,3.40119738166216,0.00674153073767007,0.942903752039152,0.478002378121284,4
"CYP1A1",49,3.91202300542815,0.00711528803380095,0.948613376835236,0.293211162015827,4
"CYP1A2",40,3.71357206670431,0.00183576713763044,0.787928221859706,0.1425,4
"CYP1B1",23,3.17805383034795,0.000675332587456908,0.588091353996737,0.238185255198488,4
"CYP21A2",13,2.63905732961526,0.000258623307961363,0.420065252854812,0.142011834319526,4
"CYP24A1",6,1.94591014905531,0.000278484812654353,0.433115823817292,0.277777777777778,3
"CYP26C1",11,2.484906649788,5.60919570371177e-07,0.0962479608482871,0,4
"CYP27B1",10,2.39789527279837,0.000648503501920286,0.577487765089723,0.58,3
"CYP27C1",14,2.70805020110221,3.72813026797375e-05,0.214110929853181,0,4
"CYP2A6",35,3.58351893845611,0.00299609232471399,0.862153344208809,0.20734693877551,4
"CYP2C19",27,3.3322045101752,0.000943980547985426,0.656606851549755,0.203017832647462,4
"CYP2C8",29,3.40119738166216,0.000938836566643069,0.65415986949429,0.0665873959571937,4
"CYP2C9",39,3.68887945411394,0.0027847908453565,0.85236541598695,0.0973044049967127,4
"CYP2D6",22,3.13549421592915,0.00141352508774071,0.729200652528548,0.243801652892562,4
"CYP2E1",49,3.91202300542815,0.00762214982361572,0.953507340946166,0.116618075801749,4
"CYP3A4",54,4.00733318523247,0.00923563469885866,0.964926590538336,0.235253772290809,4
"CYP3A5",39,3.68887945411394,0.00127804669592586,0.709624796084829,0.0499671268902038,4
"CYP51A1",13,2.63905732961526,0.000785411212416802,0.620717781402936,0.556213017751479,3
"CYP7A1",34,3.55534806148941,0.00436409727798963,0.903752039151713,0.517301038062284,3
"CYP7B1",9,2.30258509299405,8.96460910064344e-05,0.289559543230016,0.493827160493827,4
"DAO",9,2.30258509299405,0.000144008936290648,0.336867862969005,0,1
"DBH",14,2.70805020110221,0.000355377781911561,0.467373572593801,0,2
"DBP",1,0.693147180559945,0,0.0436378466557912,0,4
"DCK",15,2.77258872223978,0.00082128604471043,0.627243066884176,0.337777777777778,8
"DDB1",12,2.56494935746154,0.000333254793673443,0.456769983686786,0.152777777777778,5
"DDC",16,2.83321334405622,0.000548085583564193,0.551386623164764,0.3203125,2
"DDIT3",22,3.13549421592915,0.000230238465471313,0.407830342577488,0.169421487603306,5
"DGAT1",29,3.40119738166216,0.00547440273684899,0.927406199021207,0.499405469678954,4
"DGKA",4,1.6094379124341,9.59315980822687e-05,0.294453507340946,0.375,4
"DGKD",5,1.79175946922805,6.52904083659412e-05,0.256933115823817,0.48,3
"DHCR7",14,2.70805020110221,0.00114188618229913,0.695758564437194,0.255102040816327,3
"DHFR",13,2.63905732961526,0.00414841944773195,0.900489396411093,0.745562130177515,1
"DHODH",4,1.6094379124341,0.000131630197346328,0.32300163132137,0.625,1
"DHRS3",10,2.39789527279837,5.75921372504205e-05,0.247960848287113,0,4
"DHRS4",9,2.30258509299405,5.74439298192999e-05,0.247145187601958,0,4
"DIO1",1,0.693147180559945,0,0.0436378466557912,0,3
"DKK1",12,2.56494935746154,2.87936440242112e-05,0.199021207177814,0.375,5
"DLG1",22,3.13549421592915,0.00115989050434755,0.696574225122349,0.396694214876033,8
"DLG2",15,2.77258872223978,0.000102977003371691,0.300978792822186,0,8
"DLG3",17,2.89037175789616,0.000148245605020244,0.34257748776509,0.110726643598616,8
"DLG4",55,4.02535169073515,0.010865698384299,0.972267536704731,0.576528925619835,8
"DMP1",9,2.30258509299405,8.52301351998412e-05,0.282218597063622,0.518518518518519,6
"DNAJC5",9,2.30258509299405,0.000821055907124208,0.626427406199021,0.691358024691358,5
"DNM1L",9,2.30258509299405,2.7732404371021e-05,0.194942903752039,0.666666666666667,1
"DNMT1",27,3.3322045101752,0.000895994248855214,0.642740619902121,0.205761316872428,5
"DNMT3B",14,2.70805020110221,0.000260347575886597,0.420880913539967,0.13265306122449,5
"DNPEP",1,0.693147180559945,0,0.0436378466557912,0,3
"DPP4",22,3.13549421592915,0.00376690201641001,0.888254486133768,0.735537190082645,3
"DRD1",16,2.83321334405622,0.00195157827000018,0.798531810766721,0.3984375,2
"DRD2",23,3.17805383034795,0.00304171009562743,0.863784665579119,0.427221172022684,2
"DRD3",6,1.94591014905531,1.82271142457701e-06,0.103588907014682,0,2
"DRD4",13,2.63905732961526,0.000432827746597439,0.50652528548124,0,2
"DRD5",6,1.94591014905531,0.00165393166063251,0.765089722675367,0.277777777777778,2
"DSPP",4,1.6094379124341,4.9645757583609e-07,0.0946166394779772,0,6
"DUOX2",13,2.63905732961526,0.00218791796307517,0.81810766721044,0.485207100591716,7
"DUSP1",17,2.89037175789616,6.40638700860904e-05,0.253670473083197,0.214532871972318,5
"DYSF",2,1.09861228866811,0.00163265306122449,0.75652528548124,0,5
"E2F1",56,4.04305126783455,0.00214884249324836,0.814029363784666,0.197066326530612,5
"E2F2",13,2.63905732961526,1.00950202443968e-05,0.15252854812398,0,5
"EBP",4,1.6094379124341,7.15922437574696e-05,0.263458401305057,0.375,3
"EDN1",33,3.52636052461616,0.00350542565855816,0.882544861337684,0.67584940312213,2
"EEF2K",14,2.70805020110221,0.000179598570756568,0.367047308319739,0.540816326530612,8
"EGF",94,4.55387689160054,0.00547726894970118,0.928221859706362,0.713444997736532,7
"EGFR",176,5.17614973257383,0.032761385908722,0.995921696574225,0.744382747933884,7
"EGLN1",9,2.30258509299405,8.91227142955843e-05,0.288743882544861,0.567901234567901,8
"EGLN3",7,2.07944154167984,2.877416943077e-05,0.198205546492659,0.408163265306122,8
"EGR1",33,3.52636052461616,0.000887392147969708,0.641109298531811,0.435261707988981,5
"EIF2A",2,1.09861228866811,0,0.0436378466557912,0.5,6
"EIF2AK2",21,3.09104245335832,0.00147737304991773,0.738988580750408,0.503401360544218,6
"EIF2S1",19,2.99573227355399,0.00134033259253288,0.717781402936378,0.3601108033241,5
"EIF4E",12,2.56494935746154,0.000226847938743828,0.405383360522023,0.152777777777778,5
"EIF4EBP1",9,2.30258509299405,8.57829563004253e-05,0.283849918433931,0.37037037037037,5
"EIF4G1",9,2.30258509299405,0.000139361036117057,0.33442088091354,0,5
"ELK1",11,2.484906649788,8.07667552468056e-06,0.141109298531811,0.396694214876033,5
"ELOVL2",2,1.09861228866811,2.62285623993375e-06,0.111337683523654,0,3
"ELOVL4",1,0.693147180559945,0,0.0436378466557912,0,7
"ELOVL5",3,1.38629436111989,2.62285623993375e-06,0.111337683523654,0,3
"ELOVL6",9,2.30258509299405,9.675375533362e-05,0.295269168026101,0.197530864197531,3
"EPHB6",2,1.09861228866811,3.07443530079078e-07,0.0938009787928222,0.5,7
"EPOR",23,3.17805383034795,0.000673921370995724,0.587275693311582,0.555765595463138,6
"ERBB2",82,4.4188406077966,0.00503725999576656,0.916802610114193,0.672218917311124,7
"ERBB3",34,3.55534806148941,0.000226811834062576,0.404567699836868,0.494809688581315,7
"EREG",12,2.56494935746154,6.3235387475404e-06,0.130505709624796,0,7
"ERN1",21,3.09104245335832,0.000210002681391775,0.393964110929853,0.399092970521542,5
"ESR1",113,4.7361984483945,0.017375413286953,0.98531810766721,0.672723001018091,5
"ESR2",32,3.49650756146648,0.00173541040735038,0.774877650897227,0.681640625,5
"ESRRA",15,2.77258872223978,0.00153350003971948,0.747145187601958,0.631111111111111,1
"ESRRB",8,2.19722457733622,0.000391061780414865,0.4836867862969,0.59375,1
"ESRRG",5,1.79175946922805,0.00164117028460055,0.761011419249592,0.32,1
"F10",12,2.56494935746154,0.000223857868272763,0.401305057096248,0.152777777777778,6
"F12",8,2.19722457733622,1.95052766258211e-05,0.182707993474715,0,6
"F2",32,3.49650756146648,0.00283644123206121,0.857259380097879,0.541015625,6
"F2RL1",6,1.94591014905531,0.000175458653815296,0.362969004893964,0.5,6
"F3",30,3.43398720448515,0.00158241788417008,0.749592169657422,0.242222222222222,6
"F7",15,2.77258872223978,0.00192108951985412,0.794453507340946,0.24,6
"FABP1",14,2.70805020110221,0.000672508650457684,0.585644371941272,0.459183673469388,3
"FABP2",2,1.09861228866811,0,0.0436378466557912,0.5,1
"FABP3",6,1.94591014905531,4.09511603803328e-05,0.218597063621533,0.5,3
"FABP4",22,3.13549421592915,0.000991996675759232,0.664763458401305,0.429752066115702,3
"FABP5",8,2.19722457733622,0.000806300578747826,0.624796084828711,0.40625,3
"FABP7",3,1.38629436111989,3.72686154192049e-05,0.212887438825449,0.444444444444444,1
"FADS1",6,1.94591014905531,0.00157182588416894,0.747960848287113,0,3
"FADS2",7,2.07944154167984,0.000785056562806436,0.619902120717781,0.408163265306122,3
"FAS",25,3.25809653802148,0.000134658539247454,0.3278955954323,0.6016,6
"FASLG",37,3.63758615972639,0.000355091299514077,0.465742251223491,0.512783053323594,6
"FASN",31,3.46573590279973,0.00497880216598714,0.915171288743883,0.330905306971904,3
"FBP1",6,1.94591014905531,0.000118244113713457,0.315660685154976,0.5,3
"FCER1A",3,1.38629436111989,2.92804988179689e-07,0.0929853181076672,0.444444444444444,7
"FDPS",7,2.07944154167984,3.17192869488839e-06,0.114192495921697,0,3
"FEN1",21,3.09104245335832,0.000256860731092367,0.419249592169657,0,5
"FGB",12,2.56494935746154,0.000147203902959964,0.34094616639478,0.486111111111111,6
"FGF1",22,3.13549421592915,0.000730660282316203,0.606035889070147,0.318181818181818,7
"FGF2",75,4.33073334028633,0.00281075672052468,0.855628058727569,0.692622222222222,7
"FGF23",15,2.77258872223978,0.00108125244821425,0.68352365415987,0.648888888888889,7
"FGF4",33,3.52636052461616,0.000397677739646734,0.486133768352365,0.620752984389348,7
"FGFR2",37,3.63758615972639,0.000433221457050957,0.507340946166395,0.60336011687363,7
"FKBP1A",30,3.43398720448515,0.00391136788543868,0.893964110929853,0.382222222222222,8
"FN1",119,4.78749174278205,0.0163663848850881,0.982871125611745,0.655603417837723,6
"FOS",95,4.56434819146784,0.00938009845076344,0.965742251223491,0.651080332409972,5
"FOSL1",19,2.99573227355399,0.000571073818159193,0.557911908646003,0.3601108033241,5
"FOSL2",14,2.70805020110221,2.05759620898397e-05,0.185154975530179,0.13265306122449,5
"FOXM1",21,3.09104245335832,0.000187294640235879,0.376835236541599,0.090702947845805,5
"FOXO1",85,4.45434729625351,0.0072068506611958,0.951060358890702,0.599861591695502,5
"FOXO3",68,4.23410650459726,0.00251496494203525,0.83931484502447,0.478373702422145,5
"FOXP3",40,3.71357206670431,0.00044860359732281,0.51141924959217,0.40375,6
"FSHR",8,2.19722457733622,0.000265345344325283,0.426590538336052,0.65625,4
"FTCD",10,2.39789527279837,0.000365188008979735,0.474714518760196,0,1
"FTH1",8,2.19722457733622,0.000444578276639041,0.510603588907015,0.40625,3
"FTL",5,1.79175946922805,8.28490114223271e-05,0.279771615008157,0.32,3
"FURIN",18,2.94443897916644,0.00136022240200734,0.720228384991843,0.45679012345679,6
"FUS",5,1.79175946922805,7.36694555774844e-05,0.266721044045677,0.32,5
"FXN",6,1.94591014905531,0.000419279160278996,0.495921696574225,0.5,1
"GAA",6,1.94591014905531,6.49553476981072e-05,0.254486133768352,0,3
"GABBR1",22,3.13549421592915,0.00731794889245076,0.951876019575856,0.549586776859504,9
"GABRA1",21,3.09104245335832,0.00815726224051088,0.956769983686786,0.430839002267574,9
"GABRA2",15,2.77258872223978,0.00106941014221368,0.679445350734095,0.24,9
"GABRA3",9,2.30258509299405,2.73908375140798e-05,0.194127243066884,0,9
"GABRA4",8,2.19722457733622,1.33386688008537e-07,0.0889070146818923,0,9
"GABRA5",11,2.484906649788,7.57435342084816e-05,0.270799347471452,0,9
"GABRA6",9,2.30258509299405,7.93293554823052e-05,0.274061990212072,0,9
"GABRB1",15,2.77258872223978,0.000546117441588003,0.550570962479608,0.124444444444444,9
"GABRB2",13,2.63905732961526,0.00066116683100592,0.581566068515498,0.142011834319526,9
"GABRB3",16,2.83321334405622,0.00299951311831035,0.862969004893964,0.2265625,9
"GABRD",13,2.63905732961526,0.000310489534564989,0.445350734094617,0.355029585798816,9
"GABRE",7,2.07944154167984,4.24950133746544e-05,0.227569331158238,0,9
"GABRG1",13,2.63905732961526,3.74153335369089e-05,0.215334420880914,0,9
"GABRG2",20,3.04452243772342,0.00249671230328747,0.836867862969005,0.42,9
"GABRG3",9,2.30258509299405,3.0039844108081e-05,0.203915171288744,0,9
"GABRR1",6,1.94591014905531,0.00163490175981355,0.759380097879282,0,9
"GAD1",27,3.3322045101752,0.0088417140896249,0.960032626427406,0.683127572016461,1
"GAMT",5,1.79175946922805,0.000384352619602103,0.479608482871126,0.56,1
"GANAB",4,1.6094379124341,0,0.0436378466557912,0,5
"GAP43",12,2.56494935746154,0.000216827692615941,0.399673735725938,0.694444444444444,8
"GAS6",8,2.19722457733622,0.000351429598108653,0.462479608482871,0.53125,6
"GATM",21,3.09104245335832,0.00575097429750636,0.933931484502447,0.526077097505669,1
"GCA",2,1.09861228866811,0.00163265306122449,0.758564437194127,0,2
"GCG",38,3.66356164612965,0.00623694367727546,0.939641109298532,0.673130193905817,3
"GCK",19,2.99573227355399,0.0034066307873208,0.878466557911909,0.354570637119114,3
"GCLC",20,3.04452243772342,0.00259256003422905,0.845024469820555,0.265,1
"GCLM",16,2.83321334405622,0.00132604540853029,0.714518760195759,0.2265625,1
"GDNF",14,2.70805020110221,0.000104084898430421,0.305872756933116,0.612244897959184,7
"GFAP",25,3.25809653802148,0.00414971076857431,0.901305057096248,0.8256,1
"GGCX",11,2.484906649788,0.000524802461842769,0.538336052202284,0.528925619834711,6
"GGPS1",5,1.79175946922805,0,0.0436378466557912,0,3
"GJA1",26,3.29583686600433,0.00245936288638314,0.835236541598695,0.636094674556213,5
"GK",8,2.19722457733622,0.00341275905782426,0.880097879282219,0.40625,3
"GLA",6,1.94591014905531,0.000406627568305427,0.49021207177814,0,3
"GLB1",7,2.07944154167984,0.00138055204261208,0.722675367047308,0,3
"GLDC",14,2.70805020110221,0.000906879040521207,0.645187601957586,0.13265306122449,1
"GLI1",11,2.484906649788,0.000203074989132289,0.389070146818923,0.545454545454546,5
"GLO1",4,1.6094379124341,9.58168214085544e-05,0.293637846655791,0.5,1
"GLP1R",12,2.56494935746154,0.000193854565567968,0.382544861337684,0.569444444444444,3
"GLUD1",21,3.09104245335832,0.00182546099385718,0.785481239804241,0.253968253968254,1
"GLUL",18,2.94443897916644,0.0020358349856898,0.807504078303426,0.450617283950617,1
"GNMT",8,2.19722457733622,0,0.0436378466557912,0,1
"GOT1",20,3.04452243772342,0.0013935804343208,0.725122349102773,0.51,1
"GOT2",35,3.58351893845611,0.0103684597043409,0.969820554649266,0.674285714285714,1
"GP1BA",12,2.56494935746154,0.000358590345419231,0.469004893964111,0.583333333333333,6
"GP6",16,2.83321334405622,0.000534001644011098,0.542414355628059,0.484375,6
"GPBAR1",7,2.07944154167984,0.0018123057176603,0.783034257748777,0.448979591836735,3
"GPD1",1,0.693147180559945,0,0.0436378466557912,0,4
"GPER1",10,2.39789527279837,0.0001805607802028,0.367862969004894,0.72,2
"GPR18",3,1.38629436111989,6.98925851522786e-05,0.260195758564437,0.444444444444444,2
"GPR83",3,1.38629436111989,1.23964377797435e-05,0.161500815660685,0.444444444444444,6
"GPT2",12,2.56494935746154,0.00197379354048533,0.800978792822186,0.625,1
"GRIA1",27,3.3322045101752,0.00103863432177713,0.669657422512235,0.320987654320988,8
"GRIA2",25,3.25809653802148,0.00143886186535715,0.733278955954323,0.2848,8
"GRIA4",18,2.94443897916644,0.0003092778026722,0.443719412724307,0.104938271604938,8
"GRIK1",3,1.38629436111989,1.97178194847854e-06,0.106851549755302,0,8
"GRIK2",11,2.484906649788,3.94732304484483e-05,0.216965742251224,0,8
"GRIN1",32,3.49650756146648,0.00139505054075479,0.726753670473083,0.17578125,8
"GRIN2A",37,3.63758615972639,0.00743831856105591,0.952691680261011,0.413440467494522,8
"GRIN2B",43,3.78418963391826,0.00591391536295202,0.935562805872757,0.488912925905895,8
"GRIN2C",24,3.2188758248682,0.000611019703479089,0.566884176182708,0,8
"GRIN2D",21,3.09104245335832,0.00046748079465304,0.522022838499184,0,8
"GRIN3A",15,2.77258872223978,5.44629440792094e-05,0.242251223491028,0,8
"GRIN3B",14,2.70805020110221,6.12282204312115e-06,0.128874388254486,0,8
"GRM5",19,2.99573227355399,0.00243707043048827,0.83278955954323,0.526315789473684,8
"GSK3A",12,2.56494935746154,0.00012610038243704,0.31973898858075,0.416666666666667,5
"GSK3B",80,4.39444915467244,0.00523910458779223,0.920880913539967,0.500625,5
"GSR",27,3.3322045101752,0.003870895033994,0.892332789559543,0.589849108367627,1
"GSS",11,2.484906649788,0.000425967133249274,0.500815660685155,0.611570247933884,4
"GSTA2",26,3.29583686600433,0.00085466003193277,0.637030995106036,0.144970414201183,4
"GSTK1",1,0.693147180559945,0,0.0436378466557912,0,4
"GSTM1",30,3.43398720448515,0.00208638762620349,0.810766721044046,0.297777777777778,4
"GSTM2",21,3.09104245335832,0.000244037549022726,0.412724306688418,0.090702947845805,4
"GSTM3",25,3.25809653802148,0.000323333459025974,0.452691680261011,0.0768,4
"GSTP1",37,3.63758615972639,0.00901337280025656,0.961663947797716,0.441197954711468,4
"GUSB",9,2.30258509299405,0.000669535613286462,0.584828711256117,0.37037037037037,4
"GYPA",6,1.94591014905531,0.00212139111780384,0.812398042414356,0.277777777777778,3
"HAMP",9,2.30258509299405,0.00214491781938772,0.813213703099511,0.444444444444444,3
"HAS2",2,1.09861228866811,0,0.0436378466557912,0,6
"HBA1",5,1.79175946922805,0.000895939717509042,0.641924959216966,0.32,3
"HBA2",5,1.79175946922805,0.000534236791487257,0.543230016313214,0,3
"HBB",8,2.19722457733622,0.000866608516759136,0.639477977161501,0.5625,3
"HCAR2",1,0.693147180559945,0,0.0436378466557912,0,2
"HCN2",1,0.693147180559945,0,0.0436378466557912,0,8
"HCN4",10,2.39789527279837,0.00165011816133849,0.764274061990212,0,8
"HCRT",12,2.56494935746154,0.00189846002237084,0.792822185970636,0.402777777777778,2
"HCRTR1",2,1.09861228866811,0,0.0436378466557912,0,2
"HCRTR2",3,1.38629436111989,9.92332249036337e-05,0.296084828711256,0,2
"HDAC1",86,4.46590811865458,0.00596762266929932,0.936378466557912,0.328285559762033,5
"HDAC10",2,1.09861228866811,0,0.0436378466557912,0,5
"HDAC11",5,1.79175946922805,1.75438158216691e-05,0.17699836867863,0,5
"HDAC2",44,3.80666248977032,0.00121310652607423,0.703099510603589,0.243801652892562,5
"HDAC3",29,3.40119738166216,0.000508260231815203,0.535073409461664,0.394768133174792,5
"HDAC4",26,3.29583686600433,0.000559741128966865,0.556280587275693,0.378698224852071,5
"HDAC5",10,2.39789527279837,4.11159000760487e-05,0.220228384991843,0.18,5
"HDAC6",33,3.52636052461616,0.00413985874170899,0.899673735725938,0.319559228650138,5
"HDAC7",11,2.484906649788,0.000105199551007677,0.306688417618271,0.429752066115702,5
"HDAC8",9,2.30258509299405,9.90311454342516e-06,0.148450244698206,0.197530864197531,5
"HERC5",2,1.09861228866811,0,0.0436378466557912,0,6
"HGF",40,3.71357206670431,0.000263391835853562,0.424143556280587,0.55375,7
"HIF1A",98,4.59511985013459,0.00906426197278595,0.962479608482871,0.634110787172012,5
"HIF1AN",7,2.07944154167984,8.79560955365821e-05,0.287112561174551,0.571428571428571,8
"HINT1",2,1.09861228866811,4.22306636055267e-05,0.226753670473083,0.5,4
"HK2",18,2.94443897916644,0.00387775149352021,0.893148450244698,0.444444444444444,3
"HLA-B",5,1.79175946922805,9.95792557760838e-06,0.150081566068515,0.48,6
"HMGB1",28,3.36729582998647,0.000544088674685109,0.548939641109298,0.426020408163265,6
"HMGCR",29,3.40119738166216,0.00279842629804201,0.853996737357259,0.130796670630202,3
"HMOX1",40,3.71357206670431,0.00533608489517481,0.922512234910277,0.76125,1
"HNF1A",9,2.30258509299405,0.00171175934011283,0.770799347471452,0.493827160493827,3
"HNF4A",35,3.58351893845611,0.00215997250704812,0.81484502446982,0.484897959183674,5
"HNRNPA1",9,2.30258509299405,0.0017333910431237,0.774061990212072,0,5
"HPRT1",20,3.04452243772342,0.00494743206901215,0.914355628058728,0.585,8
"HRH1",1,0.693147180559945,0,0.0436378466557912,0,8
"HSD11B1",17,2.89037175789616,0.00121986454676463,0.703915171288744,0.304498269896194,4
"HSD17B2",15,2.77258872223978,6.64160003635973e-05,0.257748776508972,0,4
"HSD3B1",29,3.40119738166216,0.000943738775215216,0.6557911908646,0.244946492271106,4
"HSD3B2",28,3.36729582998647,0.00104662351913617,0.671288743882545,0.311224489795918,4
"HSF1",12,2.56494935746154,1.67644676469633e-05,0.176182707993475,0,5
"HSP90AA1",131,4.88280192258637,0.0184575300914422,0.98694942903752,0.667560165491521,5
"HSP90AB1",103,4.64439089914137,0.00888624551720922,0.960848287112561,0.608162880573098,5
"HSPA1B",21,3.09104245335832,0.000175817690891619,0.363784665579119,0.448979591836735,5
"HSPA4",78,4.36944785246702,0.00991691747758077,0.967373572593801,0.511176857330703,5
"HSPA5",46,3.85014760171006,0.00339009964265738,0.877650897226754,0.589792060491493,5
"HSPB1",25,3.25809653802148,0.000359403751671485,0.469820554649266,0.4576,5
"HTR1A",15,2.77258872223978,0.0013514821700331,0.718597063621533,0.32,2
"HTR1B",13,2.63905732961526,0.000187606718213681,0.377650897226754,0.142011834319526,2
"HTR1D",7,2.07944154167984,8.01171609427177e-05,0.276508972267537,0.244897959183674,2
"HTR2A",17,2.89037175789616,0.00107173858473001,0.68026101141925,0.41522491349481,2
"HTR2B",9,2.30258509299405,0.000182221758834009,0.371941272430669,0.444444444444444,2
"HTR2C",11,2.484906649788,0.000548329018529401,0.552202283849918,0.396694214876033,2
"HTR3A",21,3.09104245335832,0.000830430194168404,0.629690048939641,0.471655328798186,8
"HTR6",4,1.6094379124341,0.000352571548952832,0.464110929853181,0.375,2
"ICAM1",73,4.30406509320417,0.00292061937035561,0.860522022838499,0.357290298367424,6
"ICAM2",7,2.07944154167984,1.02605144621951e-07,0.0880913539967374,0,6
"IDE",10,2.39789527279837,0.000180567845539403,0.368678629690049,0.66,3
"IDO1",29,3.40119738166216,0.00564126364393276,0.933115823817292,0.525564803804994,6
"IFNG",96,4.57471097850338,0.00336704167063753,0.874388254486134,0.370225694444444,6
"IGF1",80,4.39444915467244,0.00544804756405558,0.924959216965742,0.7428125,7
"IGF1R",58,4.07753744390572,0.00197707534240165,0.801794453507341,0.659334126040428,7
"IGF2",29,3.40119738166216,0.00051758393902616,0.536704730831974,0.67538644470868,7
"IGFBP3",21,3.09104245335832,0.000470702032340597,0.523654159869494,0.689342403628118,6
"IGFBP6",5,1.79175946922805,0,0.0436378466557912,0.56,7
"IKBKB",48,3.89182029811063,0.00118766462816052,0.699836867862969,0.532986111111111,6
"IL10",100,4.61512051684126,0.00543189589950785,0.923327895595432,0.4472,6
"IL17A",50,3.93182563272433,0.000331924672309343,0.455954323001631,0.1152,6
"IL18",40,3.71357206670431,0.000610784660308448,0.565252854812398,0.1425,6
"IL1A",73,4.30406509320417,0.00428458634797206,0.902936378466558,0.293113154437981,6
"IL1B",150,5.01727983681492,0.0168888839123266,0.984502446982055,0.599288888888889,6
"IL1RN",15,2.77258872223978,4.70940173020666e-06,0.122349102773246,0,6
"IL2",65,4.18965474202643,0.00209296531341719,0.811582381729201,0.435976331360947,6
"IL33",20,3.04452243772342,4.64787809257725e-06,0.120717781402936,0,6
"IL36A",2,1.09861228866811,0,0.0436378466557912,0,6
"IL4",68,4.23410650459726,0.00377871750104522,0.889885807504078,0.314878892733564,6
"IL5",29,3.40119738166216,0.000306999904055738,0.442903752039152,0.128418549346017,6
"IL6",176,5.17614973257383,0.0257293553083821,0.99347471451876,0.646694214876033,6
"IMPDH1",6,1.94591014905531,0.000319821852940943,0.449429037520392,0.611111111111111,4
"IMPDH2",7,2.07944154167984,0.000238449956654093,0.410277324632953,0.653061224489796,8
"INS",151,5.02388052084628,0.0588042575147726,1,0.80154379193895,3
"INSR",29,3.40119738166216,0.000468758125850257,0.522838499184339,0.577883472057075,7
"IRAK1",30,3.43398720448515,0.000402773363922087,0.48858075040783,0.18,6
"IRF1",23,3.17805383034795,8.14023147959158e-05,0.278955954323002,0.4234404536862,6
"ITGA5",23,3.17805383034795,0.00183257076503829,0.787112561174551,0.510396975425331,6
"ITGAL",18,2.94443897916644,0.000102619493882947,0.300163132137031,0.197530864197531,6
"ITGB3",39,3.68887945411394,0.00182153496354234,0.784665579119086,0.656147271531887,6
"ITPR1",34,3.55534806148941,0.00405598239179422,0.898858075040783,0.589965397923875,8
"ITPR2",11,2.484906649788,0.000100705275701061,0.297716150081566,0.297520661157025,8
"ITPR3",27,3.3322045101752,0.00186099784256225,0.790375203915171,0.595336076817558,8
"JAK2",70,4.26267987704132,0.00777121453543967,0.954323001631321,0.706938775510204,7
"JDP2",6,1.94591014905531,1.88773074874401e-06,0.104404567699837,0,5
"JUN",140,4.94875989037817,0.0150708237055314,0.982055464926591,0.574285714285714,5
"JUNB",18,2.94443897916644,6.69087784653877e-05,0.259380097879282,0.203703703703704,5
"KCNA1",10,2.39789527279837,0.000150668642669181,0.34584013050571,0,8
"KCNA3",9,2.30258509299405,0.000145814964487378,0.340130505709625,0.197530864197531,8
"KCNA4",10,2.39789527279837,0.000401139217977378,0.487765089722675,0,8
"KCNA5",11,2.484906649788,0.000555568241911285,0.553833605220228,0.297520661157025,8
"KCNC2",1,0.693147180559945,0,0.0436378466557912,0,8
"KCNC3",2,1.09861228866811,1.89893633367739e-06,0.105220228384992,0,8
"KCND1",1,0.693147180559945,0,0.0436378466557912,0,8
"KCND2",8,2.19722457733622,0.000110052489718739,0.309951060358891,0,8
"KCND3",11,2.484906649788,0.00176574294138077,0.777324632952692,0,8
"KCNE2",13,2.63905732961526,8.72435585970354e-05,0.285481239804241,0,8
"KCNH2",19,2.99573227355399,0.00544710290187841,0.924143556280587,0.349030470914127,8
"KCNH6",4,1.6094379124341,0.000201230842561231,0.387438825448613,0.375,8
"KCNJ1",4,1.6094379124341,9.19557962762315e-05,0.292006525285481,0.625,8
"KCNJ11",16,2.83321334405622,0.00702632585289352,0.946166394779772,0.5546875,3
"KCNJ14",2,1.09861228866811,0,0.0436378466557912,0,8
"KCNJ15",1,0.693147180559945,0,0.0436378466557912,0,8
"KCNJ2",14,2.70805020110221,0.00258439631330496,0.8442088091354,0.244897959183674,8
"KCNJ5",17,2.89037175789616,0.00132605356982633,0.715334420880914,0.304498269896194,8
"KCNJ6",8,2.19722457733622,0.000788058809425742,0.621533442088091,0.65625,8
"KCNJ8",7,2.07944154167984,0.000209190588540631,0.393148450244698,0.489795918367347,8
"KCNJ9",4,1.6094379124341,0.000103760554254296,0.303425774877651,0.375,8
"KCNMA1",8,2.19722457733622,0.000351265278979833,0.461663947797716,0.21875,8
"KCNMB4",6,1.94591014905531,1.06958510991553e-05,0.15415986949429,0,8
"KCNN2",13,2.63905732961526,0.000139229691537446,0.333605220228385,0,8
"KCNN4",14,2.70805020110221,0.000227790322861603,0.406199021207178,0,8
"KCNQ2",17,2.89037175789616,0.00278600625686305,0.853181076672104,0.214532871972318,8
"KDM1A",23,3.17805383034795,7.01883122296694e-05,0.261011419249592,0.0831758034026464,5
"KDR",56,4.04305126783455,0.00146826287265977,0.736541598694943,0.630102040816326,7
"KEAP1",24,3.2188758248682,0.0018064892940537,0.782218597063622,0.65625,1
"KIT",54,4.00733318523247,0.00337913750962714,0.876019575856444,0.669410150891632,7
"KLF4",21,3.09104245335832,0.000149661945260232,0.3442088091354,0.331065759637188,5
"KLK3",10,2.39789527279837,0.00171384520451706,0.771615008156607,0.72,3
"KRAS",75,4.33073334028633,0.00346285930477106,0.881729200652529,0.708622222222222,7
"KRT18",6,1.94591014905531,3.69153106916602e-05,0.211256117455139,0.5,5
"KRT2",1,0.693147180559945,0,0.0436378466557912,0,6
"KYNU",5,1.79175946922805,0.000752039561947749,0.611745513866232,0.56,1
"LALBA",8,2.19722457733622,0.000758652832077117,0.615823817292007,0.21875,3
"LBP",7,2.07944154167984,5.21896588234881e-05,0.240619902120718,0.244897959183674,6
"LCN2",23,3.17805383034795,0.00133272853542245,0.716965742251223,0.533081285444234,6
"LCP1",5,1.79175946922805,0.00329198453610318,0.871941272430669,0.64,2
"LEF1",30,3.43398720448515,0.000218990775510927,0.400489396411093,0.124444444444444,5
"LGALS1",3,1.38629436111989,0,0.0436378466557912,0.444444444444444,6
"LGALS3",24,3.2188758248682,0.000323736774008294,0.453507340946166,0.552083333333333,6
"LIPG",7,2.07944154167984,7.9523372349818e-05,0.274877650897227,0.244897959183674,3
"LMNB1",11,2.484906649788,0.000126813307779554,0.32137030995106,0.429752066115702,5
"LPCAT1",8,2.19722457733622,7.82843169284182e-05,0.272430668841762,0.21875,4
"LPCAT2",8,2.19722457733622,7.45637715207414e-05,0.268352365415987,0.21875,4
"LPL",29,3.40119738166216,0.00674184859219761,0.943719412724307,0.304399524375743,3
"LPO",3,1.38629436111989,0,0.0436378466557912,0,3
"LRAT",18,2.94443897916644,0.00086320823083707,0.637846655791191,0.104938271604938,4
"LRP5",10,2.39789527279837,4.10874090217616e-05,0.219412724306688,0.34,5
"LTA4H",2,1.09861228866811,0,0.0436378466557912,0,4
"LTF",24,3.2188758248682,0.00148068676598825,0.740619902120718,0.517361111111111,3
"LY96",17,2.89037175789616,0.000134752018225906,0.328711256117455,0.110726643598616,6
"LYN",43,3.78418963391826,0.0021846591228,0.817292006525285,0.730124391563007,7
"LYZ",4,1.6094379124341,8.21022394357099e-06,0.142740619902121,0.375,3
"MAOA",37,3.63758615972639,0.00489523523427559,0.912724306688418,0.588750913075238,2
"MAOB",35,3.58351893845611,0.00365578289112037,0.885807504078303,0.573061224489796,2
"MAP1LC3A",6,1.94591014905531,3.2581657928282e-06,0.115008156606852,0.277777777777778,5
"MAP1LC3B",18,2.94443897916644,0.000374749654018926,0.477161500815661,0.376543209876543,5
"MAP2",7,2.07944154167984,0.000135720617830755,0.32952691680261,0.571428571428571,8
"MAP2K1",35,3.58351893845611,0.000374108796258645,0.476345840130506,0.587755102040816,5
"MAP2K5",1,0.693147180559945,0,0.0436378466557912,0,7
"MAP2K7",15,2.77258872223978,5.74352906301406e-05,0.246329526916803,0.56,5
"MAP3K5",32,3.49650756146648,0.00146837341418356,0.737357259380098,0.662109375,5
"MAP3K7",42,3.76120011569356,0.00217773190979298,0.81647634584013,0.59750566893424,6
"MAPK1",105,4.66343909411207,0.00918110054961455,0.964110929853181,0.669024943310658,5
"MAPK11",39,3.68887945411394,0.000640842246392945,0.575856443719413,0.448389217619987,5
"MAPK13",38,3.66356164612965,0.000614102887183741,0.568515497553018,0.457063711911357,5
"MAPK14",64,4.17438726989564,0.0024654755668097,0.83605220228385,0.6318359375,5
"MAPK3",123,4.82028156560504,0.0138466019732191,0.977977161500816,0.706986582060943,5
"MAPK8",80,4.39444915467244,0.00464273451414076,0.908646003262643,0.603125,5
"MAPK8IP1",9,2.30258509299405,0.00112375735008978,0.690048939641109,0.493827160493827,5
"MAPK9",47,3.87120101090789,0.00109414624338081,0.685970636215334,0.529651425984609,5
"MAPT",47,3.87120101090789,0.00454013190388237,0.905383360522023,0.557718424626528,5
"MB",14,2.70805020110221,0.0007169075975792,0.601957585644372,0.551020408163265,3
"MCL1",45,3.8286413964891,0.000728657234334983,0.603588907014682,0.413827160493827,5
"MCU",3,1.38629436111989,6.87942761490696e-06,0.137846655791191,0.444444444444444,8
"MDH2",14,2.70805020110221,0.0014603370571766,0.734094616639478,0.459183673469388,1
"MDM2",67,4.21950770517611,0.00206876828471523,0.809135399673736,0.26865671641791,5
"MECP2",22,3.13549421592915,0.00521150457497211,0.919249592169657,0.743801652892562,5
"METTL3",3,1.38629436111989,0,0.0436378466557912,0,5
"MGAM",13,2.63905732961526,0.00182802444135213,0.786296900489396,0.142011834319526,3
"MGLL",16,2.83321334405622,0.00219708476276709,0.81973898858075,0.625,3
"MITF",15,2.77258872223978,0.000525050044975658,0.539151712887439,0.586666666666667,5
"MLXIPL",10,2.39789527279837,6.01943438296671e-05,0.250407830342577,0.18,3
"MMP1",32,3.49650756146648,0.00130994491984633,0.712071778140294,0.224609375,6
"MMP10",9,2.30258509299405,0.000171056984059681,0.358890701468189,0.37037037037037,6
"MMP13",17,2.89037175789616,0.000501019835737071,0.534257748776509,0.207612456747405,6
"MMP2",52,3.97029191355212,0.0015209090728817,0.745513866231648,0.611686390532544,6
"MMP3",35,3.58351893845611,0.000848791405700908,0.636215334420881,0.259591836734694,6
"MMP9",98,4.59511985013459,0.00710946390534838,0.946982055464927,0.655768429820908,6
"MOCOS",5,1.79175946922805,0.000290521478690434,0.439641109298532,0.64,1
"MPO",31,3.46573590279973,0.00332501479545404,0.873572593800979,0.570239334027055,6
"MRC1",17,2.89037175789616,4.89751133170425e-05,0.234094616639478,0.207612456747405,6
"MSI1",1,0.693147180559945,0,0.0436378466557912,0,5
"MT-ATP6",6,1.94591014905531,0.000216419271903563,0.398858075040783,0.5,1
"MT-CYB",24,3.2188758248682,0.00258075230018737,0.843393148450245,0.541666666666667,1
"MT1X",1,0.693147180559945,0,0.0436378466557912,0,3
"MTOR",79,4.38202663467388,0.00681745102773328,0.944535073409462,0.670725845217113,5
"MTTP",11,2.484906649788,0.000179515497724038,0.366231647634584,0.429752066115702,3
"MUC5AC",3,1.38629436111989,4.31600181331372e-05,0.228384991843393,0.444444444444444,6
"MYB",7,2.07944154167984,9.90729728016507e-06,0.14926590538336,0,5
"MYC",132,4.89034912822175,0.0118827872709435,0.976345840130506,0.473140495867769,5
"MYD88",58,4.07753744390572,0.000673430604852462,0.586460032626427,0.340071343638525,6
"MYH6",12,2.56494935746154,0.000769677413509369,0.617455138662316,0.652777777777778,2
"MYH7",10,2.39789527279837,0.000330947589529626,0.455138662316476,0.54,2
"MYLK",10,2.39789527279837,0.000833423044395867,0.631321370309951,0.48,8
"NAAA",2,1.09861228866811,9.84255241151766e-06,0.146818923327896,0,3
"NANOG",34,3.55534806148941,0.00100869397728366,0.668026101141925,0.442906574394464,5
"NCF1",35,3.58351893845611,0.00202898080205433,0.806688417618271,0.733061224489796,7
"NCF2",25,3.25809653802148,0.000708419064235895,0.601141924959217,0.6432,7
"NCF4",22,3.13549421592915,0.000378902845181729,0.477977161500816,0.652892561983471,7
"NCOA2",24,3.2188758248682,0.000677243117034781,0.589722675367047,0.565972222222222,3
"NCOA6",10,2.39789527279837,4.4254842337848e-05,0.230831973898858,0.48,3
"NDUFS3",19,2.99573227355399,0.00124235197804609,0.707993474714519,0.282548476454294,1
"NDUFV2",15,2.77258872223978,0.000452644743111969,0.513866231647635,0.24,1
"NDUFV3",12,2.56494935746154,2.9385870445182e-05,0.201468189233279,0,1
"NEDD4L",11,2.484906649788,0.000675818257619897,0.588907014681892,0.677685950413223,8
"NEIL1",4,1.6094379124341,7.76045537207831e-06,0.140293637846656,0.375,5
"NFATC1",27,3.3322045101752,0.00102120581664098,0.66884176182708,0.672153635116598,8
"NFATC2",22,3.13549421592915,0.000416381199041301,0.494290375203915,0.632231404958678,8
"NFATC3",14,2.70805020110221,8.83338797793786e-05,0.287928221859706,0.489795918367347,8
"NFATC4",7,2.07944154167984,0,0.0436378466557912,0,8
"NFE2L2",41,3.73766961828337,0.00271491909916692,0.84910277324633,0.674598453301606,1
"NFKB1",126,4.84418708645859,0.00720115906173219,0.950244698205546,0.613252708490804,6
"NFKB2",21,3.09104245335832,3.12587717924135e-05,0.204730831973899,0,6
"NFKBIA",63,4.15888308335967,0.00197129042585144,0.799347471451876,0.5477450239355,6
"NFKBIE",7,2.07944154167984,0,0.0436378466557912,0,6
"NGF",41,3.73766961828337,0.00238259528141818,0.828711256117455,0.736466389054134,7
"NKX3-1",5,1.79175946922805,1.13600162292465e-05,0.1557911908646,0.32,5
"NLRP3",26,3.29583686600433,0.000366396522824557,0.475530179445351,0.482248520710059,6
"NNMT",7,2.07944154167984,0.000526814971574783,0.539967373572594,0.73469387755102,5
"NNT",4,1.6094379124341,1.47728087498764e-06,0.101957585644372,0.375,5
"NOD2",24,3.2188758248682,0.00046530437143651,0.521207177814029,0.34375,6
"NOS1",34,3.55534806148941,0.00563588293870879,0.932300163132137,0.555363321799308,8
"NOS2",22,3.13549421592915,0.00139791913246047,0.727569331158238,0.665289256198347,6
"NOS3",36,3.61091791264422,0.00324684430936158,0.870309951060359,0.825617283950617,8
"NOTCH1",35,3.58351893845611,0.000461569420758771,0.519575856443719,0.587755102040816,5
"NOX1",18,2.94443897916644,0.000573750166652709,0.558727569331158,0.697530864197531,7
"NOX4",16,2.83321334405622,0.000430807665153126,0.504078303425775,0.625,7
"NPPA",21,3.09104245335832,0.00160709114207028,0.752854812398042,0.458049886621315,2
"NPPB",10,2.39789527279837,0.000269029215902874,0.430668841761827,0.48,2
"NPR1",11,2.484906649788,0.000754489062952516,0.614192495921697,0.611570247933884,8
"NPY",33,3.52636052461616,0.0109847932571056,0.973083197389886,0.490358126721763,2
"NQO1",22,3.13549421592915,0.0056173774551318,0.930668841761827,0.690082644628099,1
"NR1H2",13,2.63905732961526,8.5554915627601e-05,0.283034257748776,0,3
"NR1H3",16,2.83321334405622,0.000140348143728714,0.335236541598695,0,3
"NR1H4",22,3.13549421592915,0.00264535233830793,0.846655791190865,0.475206611570248,3
"NR1I2",20,3.04452243772342,0.00219414346596192,0.818923327895595,0.525,4
"NR1I3",9,2.30258509299405,0.000490839856893592,0.529363784665579,0.567901234567901,4
"NR3C1",43,3.78418963391826,0.00195031877931305,0.797716150081566,0.616549486208761,5
"NR3C2",13,2.63905732961526,0.00049488274950107,0.531810766721044,0.674556213017751,2
"NR4A1",15,2.77258872223978,0.000663183236000107,0.583197389885807,0.346666666666667,5
"NRF1",8,2.19722457733622,0.000457690224572983,0.517128874388255,0.59375,1
"NRP1",17,2.89037175789616,0.00119292337902553,0.701468189233279,0.560553633217993,7
"NRXN1",11,2.484906649788,0.000752814993779993,0.613376835236542,0.446280991735537,8
"NTRK1",33,3.52636052461616,0.00090543867510457,0.644371941272431,0.593204775022957,7
"NTRK2",31,3.46573590279973,0.00229559048347801,0.82463295269168,0.609781477627471,7
"NUF2",14,2.70805020110221,4.99005458801455e-05,0.237357259380098,0,5
"OAT",7,2.07944154167984,0.000181942944460454,0.371125611745514,0.244897959183674,1
"OAZ1",1,0.693147180559945,0,0.0436378466557912,0,1
"ODC1",7,2.07944154167984,0.00233262412964875,0.82626427406199,0.612244897959184,1
"OLR1",5,1.79175946922805,1.39980946236885e-05,0.166394779771615,0.56,3
"OPA1",3,1.38629436111989,6.2590830072917e-06,0.129690048939641,0,1
"OPRD1",4,1.6094379124341,2.85398215000521e-05,0.196574225122349,0,2
"OPRM1",17,2.89037175789616,0.00141966368935415,0.730831973898858,0.463667820069204,2
"ORM1",14,2.70805020110221,0.000451243444888797,0.51305057096248,0.602040816326531,3
"P2RX4",5,1.79175946922805,0,0.0436378466557912,0,8
"P2RX7",9,2.30258509299405,0.000522770003919231,0.537520391517129,0.493827160493827,8
"PAEP",3,1.38629436111989,2.18911629508092e-05,0.187601957585644,0.444444444444444,4
"PAPSS1",2,1.09861228866811,0,0.0436378466557912,0,1
"PAPSS2",4,1.6094379124341,0.000181507878301737,0.370309951060359,0.5,1
"PARK7",26,3.29583686600433,0.000972279279266948,0.66231647634584,0.727810650887574,1
"PARP1",59,4.0943445622221,0.00376777223939688,0.889070146818923,0.218328066647515,5
"PBK",15,2.77258872223978,0.000206412835418431,0.391517128874388,0.124444444444444,5
"PCNA",24,3.2188758248682,0.0029787358183699,0.861337683523654,0.0798611111111109,5
"PCOLCE",5,1.79175946922805,6.74427702863745e-06,0.135399673735726,0,6
"PCYT1A",7,2.07944154167984,0.000841136076734623,0.633768352365416,0.448979591836735,5
"PCYT1B",6,1.94591014905531,0.000323320876984163,0.451876019575856,0.277777777777778,5
"PDE10A",10,2.39789527279837,0.000316500650259495,0.446166394779772,0,8
"PDE1B",10,2.39789527279837,0.000846186464207112,0.634584013050571,0,8
"PDE2A",10,2.39789527279837,6.52629162060635e-05,0.256117455138662,0,8
"PDE3B",10,2.39789527279837,0.000992954083208674,0.66557911908646,0.32,8
"PDE4A",11,2.484906649788,0.000476377660395569,0.526101141924959,0.297520661157025,8
"PDE4B",8,2.19722457733622,0.000354974776241045,0.464926590538336,0,8
"PDE4D",10,2.39789527279837,0.00045944636613152,0.518760195758564,0.32,8
"PDK1",5,1.79175946922805,5.42779398329727e-06,0.126427406199021,0.48,5
"PDXK",4,1.6094379124341,0.00198053048316916,0.802610114192496,0.375,4
"PEMT",6,1.94591014905531,0.000141030084299713,0.33605220228385,0.5,4
"PENK",6,1.94591014905531,1.82088573090295e-05,0.177814029363785,0,2
"PGR",41,3.73766961828337,0.0014249265244928,0.732463295269168,0.662700773349197,5
"PHB2",8,2.19722457733622,0.000443363525280603,0.508972267536705,0.59375,1
"PIK3CA",61,4.12713438504509,0.00142007295962879,0.731647634584013,0.598226283257189,7
"PIK3CD",34,3.55534806148941,0.000263325382708051,0.423327895595432,0.496539792387543,7
"PIK3R1",56,4.04305126783455,0.00158565648248238,0.750407830342578,0.61734693877551,7
"PIM1",4,1.6094379124341,2.13294534692819e-07,0.0913539967373573,0.375,6
"PKD1",7,2.07944154167984,0.000514991262249664,0.535889070146819,0.693877551020408,8
"PKD2",5,1.79175946922805,3.65105395366006e-05,0.209624796084829,0.32,8
"PKIA",3,1.38629436111989,0.000107400336390613,0.307504078303426,0.444444444444444,8
"PLA2G2A",14,2.70805020110221,0.00194763234647057,0.796084828711256,0.459183673469388,4
"PLA2G2D",9,2.30258509299405,0.000211206947342777,0.394779771615008,0.37037037037037,4
"PLA2G4A",21,3.09104245335832,0.00338419229129843,0.876835236541599,0.671201814058957,4
"PLA2G7",14,2.70805020110221,0.00130812348781981,0.711256117455139,0.561224489795918,3
"PLAT",20,3.04452243772342,0.000419293659882797,0.49673735725938,0.42,6
"PLAU",23,3.17805383034795,0.000234610090146621,0.409461663947798,0.306238185255199,6
"PLB1",8,2.19722457733622,0.00169879026801514,0.769168026101142,0.40625,4
"PLD1",10,2.39789527279837,0.000592648003322354,0.562805872756933,0.54,4
"PLD2",16,2.83321334405622,0.00250634683738676,0.838499184339315,0.6015625,4
"PLEK",10,2.39789527279837,0.000103874483880551,0.304241435562806,0.46,7
"PLG",34,3.55534806148941,0.00531493380457365,0.921696574225122,0.396193771626298,6
"PLK4",10,2.39789527279837,0.000195764333883182,0.384991843393148,0.18,5
"PLSCR1",2,1.09861228866811,6.42522347494763e-06,0.131321370309951,0.5,3
"PNP",14,2.70805020110221,0.00147178062166905,0.738172920065253,0.642857142857143,8
"PNPLA2",17,2.89037175789616,0.000958279652165158,0.659869494290375,0.110726643598616,3
"POLA1",8,2.19722457733622,0.000115634232649897,0.314029363784666,0,5
"POLB",6,1.94591014905531,7.1338468339628e-05,0.261827079934747,0,5
"POLE",10,2.39789527279837,0.000103522963459408,0.302610114192496,0,5
"POMC",58,4.07753744390572,0.0188975204443592,0.989396411092985,0.744351961950059,2
"PON1",12,2.56494935746154,0.000194051951349763,0.383360522022838,0.291666666666667,3
"POU5F1",30,3.43398720448515,0.000926183143604518,0.65252854812398,0.526666666666667,5
"PPARA",58,4.07753744390572,0.0177173241301379,0.986133768352365,0.478002378121284,3
"PPARD",20,3.04452243772342,0.000923754712107773,0.650081566068516,0.185,3
"PPARG",88,4.48863636973214,0.014290671264046,0.980424143556281,0.729597107438017,3
"PPARGC1A",72,4.29045944114839,0.0131077724050247,0.977161500815661,0.667438271604938,3
"PPIA",9,2.30258509299405,0.0004218978501092,0.49836867862969,0.666666666666667,8
"PPID",10,2.39789527279837,7.4085994499612e-05,0.267536704730832,0.34,5
"PPIF",19,2.99573227355399,0.00108850366651706,0.68515497553018,0.742382271468144,5
"PPP2CA",37,3.63758615972639,0.00200223572991404,0.803425774877651,0.670562454346238,5
"PPP2CB",25,3.25809653802148,0.000729247555061063,0.605220228384992,0.7136,5
"PPP3CA",22,3.13549421592915,0.0004555895336495,0.516313213703099,0.433884297520661,8
"PPP3R1",17,2.89037175789616,0.000194119599519964,0.384176182707993,0.519031141868512,8
"PRDX1",18,2.94443897916644,0.0005437340194926,0.547308319738989,0.549382716049383,1
"PRDX2",7,2.07944154167984,1.92997007347671e-05,0.18026101141925,0.244897959183674,1
"PRDX5",7,2.07944154167984,4.81892549547811e-06,0.123164763458401,0,1
"PRKAA1",20,3.04452243772342,0.000454733422682576,0.515497553017945,0.615,3
"PRKAA2",18,2.94443897916644,0.000337019637184687,0.457585644371941,0.561728395061728,3
"PRKAB1",17,2.89037175789616,0.000198424523304921,0.385807504078303,0.560553633217993,3
"PRKAB2",19,2.99573227355399,0.000412020414623673,0.49347471451876,0.609418282548477,3
"PRKACA",104,4.65396035015752,0.0387238732916596,0.997553017944535,0.67030325443787,8
"PRKAG2",23,3.17805383034795,0.00274906130935275,0.851549755301794,0.733459357277883,3
"PRKCA",63,4.15888308335967,0.00793389916658025,0.955954323001631,0.71957671957672,8
"PRKCB",41,3.73766961828337,0.00281373711881483,0.856443719412724,0.71861986912552,8
"PRKCD",33,3.52636052461616,0.000693640302894472,0.597879282218597,0.727272727272727,7
"PRKCE",16,2.83321334405622,0.00082047637490285,0.625611745513866,0.6953125,8
"PRKCG",34,3.55534806148941,0.00164885294905039,0.763458401305057,0.61764705882353,8
"PRKCI",8,2.19722457733622,4.67829737025197e-06,0.121533442088091,0.46875,7
"PRKCZ",22,3.13549421592915,0.00174637505679017,0.775693311582382,0.578512396694215,7
"PRKDC",23,3.17805383034795,0.000262908545687218,0.422512234910277,0.234404536862004,5
"PRL",22,3.13549421592915,0.000476045166469511,0.525285481239804,0.772727272727273,7
"PROC",11,2.484906649788,7.18193617189831e-05,0.265905383360522,0,6
"PROM1",20,3.04452243772342,0.00202449782698348,0.805872756933116,0.685,7
"PROS1",7,2.07944154167984,6.52120761536278e-05,0.255301794453507,0.448979591836735,6
"PSMD11",3,1.38629436111989,5.98200900627111e-06,0.127243066884176,0.666666666666667,1
"PTAFR",3,1.38629436111989,0,0.0436378466557912,0,6
"PTEN",89,4.49980967033027,0.00379990617610996,0.890701468189233,0.597651811639944,5
"PTGDR2",3,1.38629436111989,6.81624626018254e-06,0.137030995106036,0.444444444444444,6
"PTGDS",9,2.30258509299405,0.00105849030332743,0.676182707993475,0.518518518518519,4
"PTGER1",5,1.79175946922805,4.92775159642221e-05,0.234910277324633,0.56,4
"PTGER2",5,1.79175946922805,7.1597399747662e-05,0.264274061990212,0.72,2
"PTGER3",5,1.79175946922805,0.000203338887787386,0.389885807504078,0.64,2
"PTGER4",6,1.94591014905531,0.000192192541953561,0.380913539967374,0.777777777777778,4
"PTGES2",9,2.30258509299405,0.00039688915313166,0.48531810766721,0.493827160493827,4
"PTGIS",5,1.79175946922805,9.99425841996867e-05,0.296900489396411,0.56,4
"PTGS1",22,3.13549421592915,0.00241380063492189,0.83115823817292,0.495867768595041,4
"PTGS2",75,4.33073334028633,0.01879243465652,0.98858075040783,0.749866666666667,6
"PTH",19,2.99573227355399,0.00291512342612765,0.859706362153344,0.753462603878116,3
"PTK2",51,3.95124371858143,0.00188840273107798,0.792006525285481,0.726643598615917,7
"PTK2B",16,2.83321334405622,0.000338483379801137,0.458401305057096,0.5859375,7
"PTPN1",17,2.89037175789616,0.000182792691138386,0.373572593800979,0.602076124567474,7
"PTPN11",48,3.89182029811063,0.000527405114648263,0.540783034257749,0.629340277777778,7
"PTPN6",20,3.04452243772342,5.04582393107617e-05,0.238988580750408,0.54,7
"PTX3",6,1.94591014905531,6.07248395224342e-06,0.128058727569331,0.277777777777778,6
"QPRT",4,1.6094379124341,0.000722613529174002,0.602773246329527,0.375,1
"RAB5A",8,2.19722457733622,0.000150172672572926,0.345024469820555,0.5625,7
"RAC1",21,3.09104245335832,0.000417277669021727,0.49510603588907,0.430839002267574,7
"RAC2",32,3.49650756146648,0.00108527350888587,0.684339314845024,0.58203125,7
"RAF1",39,3.68887945411394,0.000542795123224935,0.545676998368679,0.648257725180802,5
"RAPGEF4",14,2.70805020110221,0.000430503341754352,0.50326264274062,0.704081632653061,8
"RARA",24,3.2188758248682,0.00265619482761371,0.84747145187602,0.600694444444444,3
"RARB",7,2.07944154167984,0.000128899499459431,0.322185970636215,0.448979591836735,3
"RARG",5,1.79175946922805,0,0.0436378466557912,0,3
"RASA1",19,2.99573227355399,0.00100289131342408,0.66721044045677,0.493074792243767,7
"RASGRF1",12,2.56494935746154,0.000206670145474797,0.392332789559543,0.375,8
"RASSF1",8,2.19722457733622,0.000428290587702915,0.502446982055465,0.5625,5
"RB1",39,3.68887945411394,0.00103942423225571,0.67047308319739,0.144641683103221,5
"RBL1",12,2.56494935746154,1.30008276995614e-05,0.164763458401305,0,5
"RBP1",6,1.94591014905531,0.000163809164681119,0.355628058727569,0.444444444444444,4
"RBP2",5,1.79175946922805,0.000365135614344208,0.473898858075041,0.64,4
"RBP4",7,2.07944154167984,0.000543875776307527,0.548123980424144,0.448979591836735,3
"RDH11",13,2.63905732961526,0.000178750207441643,0.365415986949429,0,4
"RDH12",12,2.56494935746154,0.000286604011208965,0.437194127243067,0,4
"RDH5",9,2.30258509299405,0.00022907318372258,0.407014681892333,0.197530864197531,4
"RELA",89,4.49980967033027,0.00341039606356596,0.879282218597064,0.583007196061103,6
"REN",27,3.3322045101752,0.00227360200739542,0.82137030995106,0.737997256515775,2
"RHOA",65,4.18965474202643,0.00465858644518562,0.909461663947798,0.737041420118343,7
"RIPK1",34,3.55534806148941,0.000240985078419526,0.411092985318108,0.493079584775087,6
"RORA",10,2.39789527279837,0.00264366838928831,0.84584013050571,0.62,3
"RPL17",5,1.79175946922805,0.000937548948076196,0.653344208809135,0.32,5
"RPS6KB1",36,3.61091791264422,0.000798679309276637,0.622349102773246,0.339506172839506,5
"RRM1",15,2.77258872223978,0.0013234210719497,0.713703099510604,0.417777777777778,5
"RRM2B",6,1.94591014905531,4.15804360378838e-05,0.221859706362153,0.277777777777778,5
"RTCB",1,0.693147180559945,0,0.0436378466557912,0,5
"RUNX1T1",4,1.6094379124341,0,0.0436378466557912,0.375,5
"RUNX2",64,4.17438726989564,0.00503079273280754,0.915986949429037,0.5732421875,5
"RUNX3",20,3.04452243772342,0.000361326907910568,0.473083197389886,0.415,5
"RXRA",34,3.55534806148941,0.00280184968365181,0.854812398042414,0.527681660899654,3
"RXRB",14,2.70805020110221,0.00057900873441684,0.561174551386623,0.13265306122449,3
"RXRG",14,2.70805020110221,0.000265720664555893,0.427406199021207,0,3
"RYR1",29,3.40119738166216,0.00147744473569136,0.739804241435563,0,8
"RYR2",24,3.2188758248682,0.00177392732114514,0.778140293637847,0.225694444444444,8
"S100A13",3,1.38629436111989,3.70089667686529e-05,0.212071778140294,0.666666666666667,7
"S100A7",4,1.6094379124341,0.00164077357443733,0.760195758564437,0.375,6
"S100A8",14,2.70805020110221,0.00116052613853722,0.697389885807504,0.653061224489796,6
"SCARB1",48,3.89182029811063,0.00717030962574263,0.949429037520392,0.564236111111111,3
"SCD",20,3.04452243772342,0.00250205487576084,0.83768352365416,0.265,3
"SCN11A",7,2.07944154167984,6.09961190224347e-05,0.251223491027732,0.244897959183674,8
"SCN1A",19,2.99573227355399,0.00170915745509332,0.769983686786297,0.265927977839335,8
"SCN1B",24,3.2188758248682,0.00400718302682531,0.898042414355628,0.21875,8
"SCN2A",22,3.13549421592915,0.0022803973154157,0.822185970636215,0.169421487603306,8
"SCN2B",12,2.56494935746154,5.66406636238954e-05,0.244698205546493,0,8
"SCN4B",15,2.77258872223978,0.000392131376183283,0.484502446982055,0,8
"SCN5A",33,3.52636052461616,0.0039882479722573,0.897226753670473,0.319559228650138,8
"SCNN1A",11,2.484906649788,0.000611724097993099,0.567699836867863,0.429752066115702,8
"SDHA",24,3.2188758248682,0.00511816607606298,0.917618270799347,0.15625,1
"SELE",23,3.17805383034795,0.000189614825943913,0.379282218597064,0.306238185255199,6
"SELP",30,3.43398720448515,0.000355226575559214,0.466557911908646,0.237777777777778,6
"SERPINE1",49,3.91202300542815,0.00229660990018827,0.825448613376835,0.543107038733861,6
"SFN",24,3.2188758248682,0.000293562868899114,0.440456769983687,0.361111111111111,5
"SH3BP5",2,1.09861228866811,2.61910411878949e-06,0.110114192495922,0.5,6
"SHH",24,3.2188758248682,0.000341477994358843,0.460032626427406,0.625,5
"SHMT1",13,2.63905732961526,0.0011808269361864,0.699021207177814,0.142011834319526,1
"SIGMAR1",13,2.63905732961526,0.00159337224621059,0.751223491027732,0.745562130177515,8
"SIRT1",83,4.43081679884331,0.00863982477537969,0.959216965742251,0.487443750907243,5
"SIRT2",19,2.99573227355399,0.000732386546572379,0.607667210440457,0.282548476454294,5
"SIRT3",15,2.77258872223978,0.00150839340501597,0.744698205546493,0.613333333333333,1
"SIRT6",14,2.70805020110221,0.000321754815192425,0.451060358890701,0.36734693877551,5
"SKP2",28,3.36729582998647,0.000169453887608844,0.357259380097879,0,5
"SLC10A1",10,2.39789527279837,0.0014634144745227,0.734910277324633,0.54,4
"SLC11A1",2,1.09861228866811,0,0.0436378466557912,0,3
"SLC11A2",6,1.94591014905531,7.18107388745719e-05,0.265089722675367,0,3
"SLC15A1",3,1.38629436111989,2.1852354630008e-05,0.186786296900489,0.444444444444444,3
"SLC18A2",12,2.56494935746154,0.000225918602118723,0.402936378466558,0.152777777777778,2
"SLC29A1",7,2.07944154167984,0.00176375489684385,0.776508972267537,0.571428571428571,8
"SLC2A1",16,2.83321334405622,0.00139382210581453,0.725938009787928,0.6875,3
"SLC2A2",12,2.56494935746154,0.00104702557264556,0.6721044045677,0.291666666666667,3
"SLC2A4",18,2.94443897916644,0.000452943341901383,0.51468189233279,0.438271604938272,3
"SLC47A1",3,1.38629436111989,3.35084916422356e-06,0.117455138662316,0,4
"SLC5A5",4,1.6094379124341,4.84860628569935e-05,0.233278955954323,0.625,3
"SLC6A2",8,2.19722457733622,0.000182252164543081,0.372756933115824,0,2
"SLC6A3",23,3.17805383034795,0.00242912182646857,0.831973898858075,0.298676748582231,2
"SLC6A4",22,3.13549421592915,0.00129227457682534,0.710440456769984,0.24793388429752,2
"SLC8A1",4,1.6094379124341,1.54909996857285e-05,0.1721044045677,0,8
"SLCO1B1",18,2.94443897916644,0.000542986400407162,0.546492659053834,0,4
"SMAD1",9,2.30258509299405,3.18811827386027e-05,0.206362153344209,0.197530864197531,5
"SMAD2",51,3.95124371858143,0.00165934985329167,0.765905383360522,0.469050365244137,5
"SMAD3",83,4.43081679884331,0.00555033728046443,0.929853181076672,0.429089853389461,5
"SMAD7",21,3.09104245335832,0.000226153772792109,0.403752039151713,0.430839002267574,5
"SNAI1",45,3.8286413964891,0.000490999385510061,0.530179445350734,0.368395061728395,5
"SNAI2",26,3.29583686600433,0.000136072287608928,0.330342577487765,0.378698224852071,5
"SNCA",36,3.61091791264422,0.00649709861629562,0.942088091353997,0.807098765432099,2
"SOCS3",34,3.55534806148941,0.000476463346623851,0.526916802610114,0.461937716262976,6
"SOD1",35,3.58351893845611,0.00613685649672975,0.938009787928222,0.742857142857143,1
"SOD2",29,3.40119738166216,0.00363210239494827,0.884991843393148,0.556480380499405,1
"SOX2",43,3.78418963391826,0.00351340426869008,0.883360522022839,0.421849648458626,5
"SPI1",18,2.94443897916644,0.000492866606447356,0.530995106035889,0.62962962962963,5
"SPP1",41,3.73766961828337,0.00229321707430707,0.823817292006525,0.500892325996431,6
"SQLE",15,2.77258872223978,0.000987223475116889,0.66394779771615,0.56,3
"SRC",142,4.96284463025991,0.0191674575616188,0.99021207177814,0.758480460226146,7
"SRD5A2",18,2.94443897916644,0.000923832984819646,0.65089722675367,0.104938271604938,4
"SREBF1",51,3.95124371858143,0.00858760298015857,0.958401305057096,0.352941176470588,3
"SREBF2",26,3.29583686600433,0.0020164893313923,0.805057096247961,0.260355029585799,3
"SRPK1",3,1.38629436111989,0.00163265306122449,0.75652528548124,0,5
"STAT1",88,4.48863636973214,0.00576876557563393,0.934747145187602,0.62370867768595,6
"STAT3",163,5.0998664278242,0.0142737231729719,0.979608482871126,0.676879069592382,6
"STAT4",23,3.17805383034795,0.00322621681533052,0.869494290375204,0.604914933837429,6
"STAT5A",51,3.95124371858143,0.00139951790371436,0.728384991843393,0.645136485966936,6
"STAT5B",41,3.73766961828337,0.000641272558353695,0.576672104404568,0.662700773349197,6
"STXBP1",5,1.79175946922805,7.14565925845979e-05,0.262642740619902,0,8
"SULT1A1",5,1.79175946922805,0.0001153457345056,0.313213703099511,0.32,4
"SULT1E1",12,2.56494935746154,9.66459000697313e-06,0.146003262642741,0,4
"SULT2A1",12,2.56494935746154,0.000264303392563432,0.424959216965742,0.152777777777778,4
"SYK",37,3.63758615972639,0.000899866791897243,0.643556280587276,0.54200146092038,6
"SYP",17,2.89037175789616,0.000695402064571727,0.598694942903752,0.782006920415225,8
"TAC1",28,3.36729582998647,0.00476172030780662,0.910277324632953,0.681122448979592,2
"TACR1",4,1.6094379124341,1.40101941203623e-05,0.16721044045677,0.375,2
"TAT",9,2.30258509299405,0.000576087192055536,0.559543230016313,0.666666666666667,2
"TBK1",27,3.3322045101752,0.000149099862399815,0.343393148450245,0.46639231824417,6
"TEK",23,3.17805383034795,0.000131955020332223,0.323817292006525,0.465028355387524,7
"TF",9,2.30258509299405,0.000188932457989608,0.378466557911909,0.197530864197531,3
"TFAM",15,2.77258872223978,0.000281630613725437,0.435562805872757,0.551111111111111,1
"TFEB",10,2.39789527279837,5.85192463466349e-05,0.249592169657423,0.34,5
"TFR2",5,1.79175946922805,2.27056423598439e-05,0.188417618270799,0.32,3
"TFRC",19,2.99573227355399,0.00346059748795931,0.880913539967374,0.542936288088643,3
"TG",7,2.07944154167984,0.000633863910864653,0.573409461663948,0.571428571428571,3
"TGFA",24,3.2188758248682,0.000152780032610081,0.34747145187602,0.461805555555555,7
"TGFB1",84,4.44265125649032,0.00462982239058061,0.907014681892333,0.664399092970521,6
"TH",34,3.55534806148941,0.00684768734936836,0.945350734094617,0.612456747404844,2
"THBD",17,2.89037175789616,0.00019284192089206,0.381729200652529,0.110726643598616,6
"THBS1",31,3.46573590279973,0.00133117276449777,0.716150081566069,0.466181061394381,6
"THRB",11,2.484906649788,0.00012248672699298,0.31810766721044,0.661157024793388,3
"TIGAR",3,1.38629436111989,2.17403572937568e-05,0.185970636215334,0.444444444444444,3
"TIMP1",39,3.68887945411394,0.00057872305404439,0.560358890701468,0.272189349112426,6
"TJP1",31,3.46573590279973,0.00337452056787302,0.875203915171289,0.607700312174818,5
"TLR2",63,4.15888308335967,0.00192136194641373,0.795269168026101,0.332073570168808,6
"TLR4",111,4.71849887129509,0.0100415365339654,0.968189233278956,0.526418310202094,6
"TNF",170,5.14166355650266,0.0267389111063566,0.994290375203915,0.611557093425605,6
"TNFRSF10B",20,3.04452243772342,4.45602856424277e-05,0.231647634584013,0.515,5
"TNFRSF11B",3,1.38629436111989,1.01388905154336e-06,0.099510603588907,0.444444444444444,6
"TNFRSF1A",51,3.95124371858143,0.000494971226702577,0.532626427406199,0.429065743944637,6
"TNFRSF9",14,2.70805020110221,2.86939718470858e-05,0.197389885807504,0.244897959183674,6
"TNFSF11",31,3.46573590279973,0.00157962031619387,0.748776508972268,0.572320499479709,6
"TOP1",10,2.39789527279837,5.01865238217271e-05,0.238172920065253,0,5
"TOP2A",27,3.3322045101752,0.000555671977270004,0.554649265905383,0,5
"TP53",221,5.40267738187228,0.0504702602415951,0.999184339314845,0.565508486722221,5
"TP73",9,2.30258509299405,1.49941434495854e-05,0.171288743882545,0,5
"TPH1",16,2.83321334405622,0.000958001939738043,0.65905383360522,0.5703125,2
"TPMT",12,2.56494935746154,0.000921647627158995,0.648450244698206,0.486111111111111,4
"TPO",8,2.19722457733622,0.000199109943614125,0.386623164763458,0.625,2
"TRAF2",40,3.71357206670431,0.000922522171106722,0.64926590538336,0.6175,6
"TRAF6",60,4.11087386417331,0.00112850545709641,0.691680261011419,0.586666666666667,6
"TRPA1",16,2.83321334405622,0.00105023740019838,0.67373572593801,0.328125,8
"TRPC5",12,2.56494935746154,0.000692998089626843,0.597063621533442,0.152777777777778,8
"TRPM3",6,1.94591014905531,4.47339831254692e-05,0.232463295269168,0,8
"TRPM4",12,2.56494935746154,0.000360441991976318,0.472267536704731,0.152777777777778,8
"TRPM7",5,1.79175946922805,1.0021801334922e-05,0.15089722675367,0,8
"TRPV1",22,3.13549421592915,0.00647305170715278,0.940456769983687,0.611570247933884,8
"TUBA1A",17,2.89037175789616,0.000405464943179232,0.489396411092985,0.110726643598616,5
"TUBA1B",13,2.63905732961526,8.29086667408894e-05,0.280587275693312,0,5
"TUBA1C",10,2.39789527279837,2.42931114077139e-05,0.190048939641109,0,5
"TUBA4A",9,2.30258509299405,1.94234059951194e-05,0.181076672104405,0,5
"TUBB",15,2.77258872223978,0.00177590736346011,0.778955954323002,0.124444444444444,5
"TUBB4A",9,2.30258509299405,2.9279678925927e-05,0.200652528548124,0,5
"TUBB4B",10,2.39789527279837,2.71777366165342e-05,0.193311582381729,0,5
"TXN",29,3.40119738166216,0.00289714679470078,0.858890701468189,0.687277051129608,1
"TYR",11,2.484906649788,0.000561949296376381,0.557096247960848,0.644628099173554,2
"UGT1A1",41,3.73766961828337,0.00189855016321495,0.793637846655791,0.0475907198096372,4
"UGT1A3",31,3.46573590279973,0.000681443036402464,0.591353996737357,0.0624349635796044,4
"USP10",7,2.07944154167984,0.000588154237713849,0.561990212071778,0.244897959183674,5
"VCAM1",51,3.95124371858143,0.001065466538379,0.677814029363785,0.421376393694733,6
"VIM",27,3.3322045101752,0.00107798488950945,0.68189233278956,0.534979423868313,5
"VKORC1",13,2.63905732961526,0.000777909883854353,0.619086460032626,0.591715976331361,4
"VTN",27,3.3322045101752,0.000213936434038677,0.397226753670473,0.52400548696845,6
"XPO1",11,2.484906649788,0.000267202803725216,0.429037520391517,0.165289256198347,5
"YAP1",37,3.63758615972639,0.000650866662676932,0.579119086460033,0.284879474068663,5
"YWHAE",21,3.09104245335832,0.00028893630890015,0.438825448613377,0.090702947845805,5
"ZEB1",28,3.36729582998647,0.00017125377631352,0.360522022838499,0.349489795918367,5
"YWHAZ",40,3.71357206670431,0.00424250586643515,0.902120717781403,0.5175,5
"SLCO1A2",7,2.07944154167984,3.85565267770081e-05,0.216150081566069,0.408163265306122,4
"SLCO2B1",4,1.6094379124341,1.35053373623292e-05,0.16557911908646,0,4
"NLN",1,0.693147180559945,0,0.0436378466557912,0,2
"XDH",18,2.94443897916644,0.00274188100936308,0.85073409461664,0.808641975308642,8
"SHANK1",10,2.39789527279837,0.000156068448515749,0.349918433931485,0.34,8
"PHOSPHO1",4,1.6094379124341,5.23452613998675e-05,0.241435562805873,0.5,2
"PPT1",4,1.6094379124341,5.79434167769161e-05,0.248776508972268,0.375,3
"TNNI3",17,2.89037175789616,0.00136872876978337,0.721044045676998,0.754325259515571,2
"ACTBL2",1,0.693147180559945,0,0.0436378466557912,0,5
"P4HB",13,2.63905732961526,0.000478160365842683,0.527732463295269,0.556213017751479,5
"TUBG1",5,1.79175946922805,4.11734002969393e-05,0.221044045676998,0,5
"YY1",29,3.40119738166216,0.000320797810941872,0.450244698205546,0.190249702734839,5
"ACTR1B",1,0.693147180559945,0,0.0436378466557912,0,2
"PDE5A",7,2.07944154167984,0.00013919088893768,0.33278955954323,0,8
"PDE6C",5,1.79175946922805,2.81314440412943e-05,0.195758564437194,0,8
"PDE7B",5,1.79175946922805,1.23327981334897e-05,0.16068515497553,0,8
"MGST1",20,3.04452243772342,0.00015995083657019,0.353181076672104,0.0950000000000001,4
"RETSAT",14,2.70805020110221,3.72813026797375e-05,0.214110929853181,0,4
"UGT2B4",34,3.55534806148941,0.00106851315617224,0.67862969004894,0.0570934256055364,4
"UGT1A9",28,3.36729582998647,0.000558181621381726,0.555464926590538,0.068877551020408,4
"UGT2B28",27,3.3322045101752,0.000610884170472263,0.566068515497553,0.0713305898491086,4
"SHBG",10,2.39789527279837,0.000410595161085357,0.492659053833605,0.8,3
"UCP1",14,2.70805020110221,0.000202664355340389,0.388254486133768,0.13265306122449,3
"UCP2",13,2.63905732961526,0.000679506151721158,0.590538336052202,0.260355029585799,3
"ADORA2B",1,0.693147180559945,0,0.0436378466557912,0,2
"UCP3",8,2.19722457733622,9.23803885189301e-05,0.292822185970636,0,3
"ORM2",8,2.19722457733622,0.000115169343593637,0.312398042414356,0.53125,3
"PTGFR",4,1.6094379124341,0.000109378589330737,0.309135399673736,0.625,2
"SRR",3,1.38629436111989,0,0.0436378466557912,0,1
"GLYAT",1,0.693147180559945,0,0.0436378466557912,0,4
"WEE1",17,2.89037175789616,7.88500970770181e-05,0.273246329526917,0,5
"XBP1",22,3.13549421592915,0.0023558941619835,0.827079934747145,0.243801652892562,5
"XIAP",40,3.71357206670431,0.00131752925475712,0.712887438825449,0.58,5
"RNASE1",4,1.6094379124341,0,0.0436378466557912,0.375,3
"VWF",41,3.73766961828337,0.0011882024102713,0.700652528548124,0.443783462224866,6
"KHK",3,1.38629436111989,0,0.0436378466557912,0,3
"PYGM",13,2.63905732961526,0.00105783907886129,0.67536704730832,0.556213017751479,3
"PHOSPHO2",2,1.09861228866811,0,0.0436378466557912,0,4
"VLDLR",7,2.07944154167984,2.28263692053795e-05,0.189233278955954,0.408163265306122,3
"LDLR",2,1.09861228866811,0,0.0436378466557912,0,3
"MT2A",2,1.09861228866811,0.00163265306122449,0.75652528548124,0,3
"PRSS1",7,2.07944154167984,0.00182133517169909,0.783849918433931,0.571428571428571,6
"UCHL1",10,2.39789527279837,2.71015048966107e-05,0.192495921696574,0.6,5
"TOP2B",4,1.6094379124341,6.50987683425854e-06,0.132952691680261,0,5
"RHO",9,2.30258509299405,0.00208421012991051,0.809951060358891,0.617283950617284,8
"SLC7A2",1,0.693147180559945,0,0.0436378466557912,0,6
"OR51E1",1,0.693147180559945,0,0.0436378466557912,0,2
"SMO",5,1.79175946922805,2.03136820130785e-05,0.18352365415987,0.64,8
"RPS6KA3",7,2.07944154167984,4.98410869488003e-06,0.123980424143556,0.408163265306122,5
"PTP4A1",1,0.693147180559945,0,0.0436378466557912,0,5
"PFAS",1,0.693147180559945,0,0.0436378466557912,0,1
"TYMS",21,3.09104245335832,0.00287425304932996,0.858075040783034,0.380952380952381,5
"TTK",12,2.56494935746154,1.25876948793539e-05,0.16231647634584,0,5
"SOX9",19,2.99573227355399,0.00178168149719457,0.780587275693312,0.60387811634349,5
"LRIG1",4,1.6094379124341,3.30053891353199e-06,0.115823817292007,0.375,7
"MARK4",1,0.693147180559945,0,0.0436378466557912,0,5
"SLC16A1",3,1.38629436111989,0.000110790490087543,0.310766721044046,0,3
"SYT1",12,2.56494935746154,0.000837306068046213,0.632952691680261,0.611111111111111,8
"SCN8A",15,2.77258872223978,0.000658070772307029,0.580750407830343,0.124444444444444,8
"SLC1A3",5,1.79175946922805,0.000245143157937542,0.415171288743883,0.48,1
"RCAN1",8,2.19722457733622,0,0.0436378466557912,0.21875,8
"RGN",5,1.79175946922805,0.000283822629750525,0.436378466557912,0.48,8
"SRI",4,1.6094379124341,0,0.0436378466557912,0,8
"TRPV3",9,2.30258509299405,0.000327064010907552,0.454323001631321,0,8
"TRPV4",21,3.09104245335832,0.00240504618052048,0.830342577487765,0.36281179138322,8
"KLK5",1,0.693147180559945,0,0.0436378466557912,0,6
"GPR35",1,0.693147180559945,0,0.0436378466557912,0,3
"SERPINB9",2,1.09861228866811,0,0.0436378466557912,0.5,3
"TXNIP",13,2.63905732961526,5.63050138980947e-05,0.243882544861338,0.733727810650888,1
"KCNJ10",1,0.693147180559945,0,0.0436378466557912,0,7
"TIMP2",12,2.56494935746154,1.46464146465082e-05,0.16884176182708,0,6
"TNFAIP6",11,2.484906649788,0.000157991755919875,0.351549755301794,0.165289256198347,6
"ROS1",3,1.38629436111989,1.57304932723872e-07,0.0897226753670473,0.444444444444444,7
"ZEB2",7,2.07944154167984,1.89904937128264e-06,0.106035889070147,0,5
"TYRP1",4,1.6094379124341,8.30286852297102e-05,0.281402936378467,0.5,2
"SEMA3A",4,1.6094379124341,5.66658619412035e-05,0.245513866231648,0.625,7
"CTRC",1,0.693147180559945,0,0.0436378466557912,0,5
"SLC6A8",3,1.38629436111989,2.05724070579774e-05,0.184339314845024,0,1
"COL7A1",2,1.09861228866811,0,0.0436378466557912,0,6
"UQCRC1",18,2.94443897916644,0.000686196067423353,0.593800978792822,0.104938271604938,1
"SLPI",4,1.6094379124341,2.46772233978514e-06,0.109298531810767,0.375,3
"VEGFC",17,2.89037175789616,3.48999597721283e-05,0.208809135399674,0.290657439446367,7
"TFF2",2,1.09861228866811,6.60583075835077e-06,0.134584013050571,0,6
"PGRMC1",5,1.79175946922805,0.000276806530049678,0.432300163132137,0.72,4
"POR",14,2.70805020110221,0.000802365193732492,0.623980424143556,0.357142857142857,4
"POLDIP2",5,1.79175946922805,0,0.0436378466557912,0,7
"SOAT1",4,1.6094379124341,4.32310679763335e-05,0.229200652528548,0.375,3
"SLC5A1",8,2.19722457733622,0.000604258580016973,0.564437194127243,0.21875,3
"HRH3",2,1.09861228866811,5.02525750236775e-07,0.0954323001631321,0,2
"SSTR5",3,1.38629436111989,2.2146459844715e-06,0.108482871125612,0,2
"NPEPPS",1,0.693147180559945,0,0.0436378466557912,0,2
"DUOXA1",1,0.693147180559945,0,0.0436378466557912,0,7
"FKRP",1,0.693147180559945,0,0.0436378466557912,0,5
"TFF1",3,1.38629436111989,4.95128569555176e-05,0.235725938009788,0.444444444444444,5
"SLC7A1",4,1.6094379124341,8.51722337606457e-06,0.143556280587276,0.375,1
"PNRC2",1,0.693147180559945,0,0.0436378466557912,0,1
"TGM2",1,0.693147180559945,0,0.0436378466557912,0,6
"MMP11",3,1.38629436111989,3.51752894090446e-06,0.119086460032626,0,6
"GABRP",3,1.38629436111989,2.66773376017074e-07,0.0921696574225122,0,9
"GABRQ",7,2.07944154167984,6.59211013288312e-06,0.133768352365416,0,9
"GABRR3",1,0.693147180559945,0,0.0436378466557912,0,9
"KCNH7",1,0.693147180559945,0,0.0436378466557912,0,2
"VKORC1L1",3,1.38629436111989,0,0.0436378466557912,0.666666666666667,1
"NEU1",2,1.09861228866811,0,0.0436378466557912,0,3
"GSTZ1",5,1.79175946922805,0,0.0436378466557912,0,4
"HNF4G",1,0.693147180559945,0,0.0436378466557912,0,3
"PRMT3",1,0.693147180559945,0,0.0436378466557912,0,5
"TEP1",2,1.09861228866811,0,0.0436378466557912,0,5
"TOMM70",5,1.79175946922805,4.54078448968795e-06,0.119902120717781,0.56,5
"HTR7",3,1.38629436111989,1.86418627258853e-05,0.17862969004894,0.444444444444444,2
"TRPV2",6,1.94591014905531,0.000295360817076328,0.441272430668842,0.277777777777778,8
"IL36B",3,1.38629436111989,3.43541445350515e-05,0.207993474714519,0,6
"NISCH",1,0.693147180559945,0,0.0436378466557912,0,6
"POLE4",3,1.38629436111989,1.13973640783842e-05,0.156606851549755,0.444444444444444,5
"SLC8A2",2,1.09861228866811,0,0.0436378466557912,0,8
"SLC1A6",1,0.693147180559945,0,0.0436378466557912,0,3
"S100A7A",1,0.693147180559945,0,0.0436378466557912,0,6
"SLC29A2",1,0.693147180559945,0,0.0436378466557912,0,8
"SRPK2",1,0.693147180559945,0,0.0436378466557912,0,5
"TACR3",1,0.693147180559945,0,0.0436378466557912,0,2
