query_gene,status,reason
AADAT,accepted,exact preferredName
AANAT,accepted,exact preferredName
AASS,accepted,exact preferredName
ABAT,accepted,exact preferredName
ABCA1,accepted,exact preferredName
ABCA7,accepted,exact preferredName
ABCB1,accepted,exact preferredName
ABCB11,accepted,exact preferredName
ABCC1,accepted,exact preferredName
ABCC2,accepted,exact preferredName
ABCC5,accepted,exact preferredName
ABCC8,accepted,exact preferredName
ABCC9,accepted,exact preferredName
ABCG2,accepted,exact preferredName
ABCG4,accepted,exact preferredName
ABCG5,accepted,exact preferredName
ABCG8,accepted,exact preferredName
ABL1,accepted,exact preferredName
ACAA2,accepted,exact preferredName
ACACA,accepted,exact preferredName
ACACB,accepted,exact preferredName
ACADM,accepted,exact preferredName
ACE,accepted,exact preferredName
ACE2,accepted,exact preferredName
ACHE,accepted,exact preferredName
ACLY,accepted,exact preferredName
ACP1,accepted,exact preferredName
ACP3,accepted,reviewed alias -> ACPP
ACSL1,accepted,exact preferredName
ACSL4,accepted,exact preferredName
ACSS2,accepted,exact preferredName
ACTA1,accepted,exact preferredName
ACTA2,accepted,exact preferredName
ACTB,accepted,exact preferredName
ACTBL2,accepted,exact preferredName
ACTC1,accepted,exact preferredName
ACTG1,accepted,exact preferredName
ACTG2,accepted,exact preferredName
ACTR1A,accepted,exact preferredName
ACTR1B,accepted,exact preferredName
ACTR2,accepted,exact preferredName
ACTRT2,accepted,exact preferredName
ACTRT3,accepted,exact preferredName
ADA,accepted,exact preferredName
ADAM28,accepted,exact preferredName
ADAMTS4,accepted,exact preferredName
ADAMTS5,accepted,exact preferredName
ADCY1,accepted,exact preferredName
ADCY2,accepted,exact preferredName
ADH1A,accepted,exact preferredName
ADH1B,accepted,exact preferredName
ADH1C,accepted,exact preferredName
ADH4,accepted,exact preferredName
ADH5,accepted,exact preferredName
ADH6,accepted,exact preferredName
ADH7,accepted,exact preferredName
ADIPOQ,accepted,exact preferredName
ADK,accepted,exact preferredName
ADORA1,accepted,exact preferredName
ADORA2A,accepted,exact preferredName
ADORA2B,accepted,exact preferredName
ADRA1A,accepted,exact preferredName
ADRA1B,accepted,exact preferredName
ADRA2A,accepted,exact preferredName
ADRA2C,accepted,exact preferredName
ADRB1,accepted,exact preferredName
ADRB2,accepted,exact preferredName
ADRB3,accepted,exact preferredName
AFM,accepted,exact preferredName
AFP,accepted,exact preferredName
AGT,accepted,exact preferredName
AGTR1,accepted,exact preferredName
AGTR2,accepted,exact preferredName
AGXT,accepted,exact preferredName
AGXT2,accepted,exact preferredName
AHCYL1,accepted,exact preferredName
AHR,accepted,exact preferredName
AHSA1,accepted,exact preferredName
AHSP,accepted,exact preferredName
AIFM1,accepted,exact preferredName
AIMP2,accepted,exact preferredName
AKR1A1,accepted,exact preferredName
AKR1B1,accepted,exact preferredName
AKR1B10,accepted,exact preferredName
AKR1C1,accepted,exact preferredName
AKR1C2,accepted,exact preferredName
AKR1C3,accepted,exact preferredName
AKR1C4,accepted,exact preferredName
AKR1D1,accepted,exact preferredName
AKT1,accepted,exact preferredName
AKT2,accepted,exact preferredName
ALAD,accepted,exact preferredName
ALAS1,accepted,exact preferredName
ALAS2,accepted,exact preferredName
ALB,accepted,exact preferredName
ALDH1A1,accepted,exact preferredName
ALDH1A2,accepted,exact preferredName
ALDH1A3,accepted,exact preferredName
ALDH1B1,accepted,exact preferredName
ALDH2,accepted,exact preferredName
ALDH3A1,accepted,exact preferredName
ALDOA,accepted,exact preferredName
ALOX12,accepted,exact preferredName
ALOX5,accepted,exact preferredName
AMY1A,accepted,exact preferredName
AMY1B,accepted,exact preferredName
AMY2A,accepted,exact preferredName
AMY2B,accepted,exact preferredName
ANO1,accepted,exact preferredName
ANPEP,accepted,exact preferredName
ANXA5,accepted,exact preferredName
AOX1,accepted,exact preferredName
APAF1,accepted,exact preferredName
APCS,accepted,exact preferredName
APLP1,accepted,exact preferredName
APOA1,accepted,exact preferredName
APOA4,accepted,exact preferredName
APOB,accepted,exact preferredName
APOD,accepted,exact preferredName
APOE,accepted,exact preferredName
APOM,accepted,exact preferredName
APP,accepted,exact preferredName
APRT,accepted,exact preferredName
AQP1,accepted,exact preferredName
AQP3,accepted,exact preferredName
AQP4,excluded,no exact or reviewed protein mapping returned by STRING
AQP9,accepted,exact preferredName
AR,accepted,exact preferredName
ARF1,accepted,exact preferredName
ARF3,accepted,exact preferredName
ARF4,accepted,exact preferredName
ARF5,accepted,exact preferredName
ARF6,accepted,exact preferredName
ARG1,accepted,exact preferredName
ARL1,accepted,exact preferredName
ARRB2,accepted,exact preferredName
ARRDC3,accepted,exact preferredName
ASPA,accepted,exact preferredName
ATF1,accepted,exact preferredName
ATF2,accepted,exact preferredName
ATF3,accepted,exact preferredName
ATF4,accepted,exact preferredName
ATF5,accepted,exact preferredName
ATF6,accepted,exact preferredName
ATF7,accepted,exact preferredName
ATG12,accepted,exact preferredName
ATG5,accepted,exact preferredName
ATG7,accepted,exact preferredName
ATIC,accepted,exact preferredName
ATM,accepted,exact preferredName
ATOX1,accepted,exact preferredName
ATP1A1,accepted,exact preferredName
ATP1A2,accepted,exact preferredName
ATP1A3,accepted,exact preferredName
ATP1A4,accepted,exact preferredName
ATP2A1,accepted,exact preferredName
ATP2B3,accepted,exact preferredName
ATP2C2,accepted,exact preferredName
ATP5F1E,accepted,exact preferredName
ATP6,accepted,reviewed alias -> MT-ATP6
ATR,accepted,exact preferredName
AURKA,accepted,exact preferredName
AURKB,accepted,exact preferredName
AURKC,accepted,exact preferredName
AVPR1A,accepted,exact preferredName
AXIN1,accepted,exact preferredName
AXIN2,accepted,exact preferredName
AXL,accepted,exact preferredName
BACE1,accepted,exact preferredName
BAD,accepted,exact preferredName
BAK1,accepted,exact preferredName
BAX,accepted,exact preferredName
BCAT2,accepted,exact preferredName
BCHE,accepted,exact preferredName
BCL2,accepted,exact preferredName
BCL2L1,accepted,exact preferredName
BDNF,accepted,exact preferredName
BECN1,accepted,exact preferredName
BGLAP,accepted,exact preferredName
BHLHE40,accepted,exact preferredName
BID,accepted,exact preferredName
BIRC2,accepted,exact preferredName
BIRC3,accepted,exact preferredName
BIRC5,accepted,exact preferredName
BMI1,accepted,exact preferredName
BMP2,accepted,exact preferredName
BMP4,accepted,exact preferredName
BMPR2,accepted,exact preferredName
BRCA1,accepted,exact preferredName
BTK,accepted,exact preferredName
C3,accepted,exact preferredName
C8G,accepted,exact preferredName
CA1,accepted,exact preferredName
CA2,accepted,exact preferredName
CACNA1A,accepted,exact preferredName
CACNA1B,accepted,exact preferredName
CACNA1C,accepted,exact preferredName
CACNA1D,accepted,exact preferredName
CACNA1E,accepted,exact preferredName
CACNA1G,accepted,exact preferredName
CACNA1H,accepted,exact preferredName
CACNA1I,accepted,exact preferredName
CACNA2D2,accepted,exact preferredName
CACNA2D3,accepted,exact preferredName
CACNA2D4,accepted,exact preferredName
CACNB1,accepted,exact preferredName
CACNB2,accepted,exact preferredName
CACNB3,accepted,exact preferredName
CACNB4,accepted,exact preferredName
CACNG1,accepted,exact preferredName
CACNG2,accepted,exact preferredName
CACNG3,accepted,exact preferredName
CACNG4,accepted,exact preferredName
CACNG6,accepted,exact preferredName
CALCA,accepted,exact preferredName
CALCR,accepted,exact preferredName
CALM1,accepted,exact preferredName
CALM2,accepted,exact preferredName
CALM3,accepted,exact preferredName
CALML3,accepted,exact preferredName
CALML5,accepted,exact preferredName
CALR,accepted,exact preferredName
CAMK2G,accepted,exact preferredName
CAMK4,accepted,exact preferredName
CAMKK2,accepted,exact preferredName
CAMLG,accepted,exact preferredName
CAMP,accepted,exact preferredName
CANX,accepted,exact preferredName
CAPN10,accepted,exact preferredName
CAPS,accepted,exact preferredName
CASP1,accepted,exact preferredName
CASP3,accepted,exact preferredName
CASP6,accepted,exact preferredName
CASP7,accepted,exact preferredName
CASP8,accepted,exact preferredName
CASP9,accepted,exact preferredName
CASQ1,accepted,exact preferredName
CASR,accepted,exact preferredName
CAT,accepted,exact preferredName
CATSPER1,accepted,exact preferredName
CAV1,accepted,exact preferredName
CBR1,accepted,exact preferredName
CBR3,accepted,exact preferredName
CCK,accepted,exact preferredName
CCL2,accepted,exact preferredName
CCL22,accepted,exact preferredName
CCL3,accepted,exact preferredName
CCL8,accepted,exact preferredName
CCNA2,accepted,exact preferredName
CCNB1,accepted,exact preferredName
CCND1,accepted,exact preferredName
CCND3,accepted,exact preferredName
CCR6,accepted,exact preferredName
CCR7,accepted,exact preferredName
CD14,accepted,exact preferredName
CD163,accepted,exact preferredName
CD274,accepted,exact preferredName
CD36,accepted,exact preferredName
CD40,accepted,exact preferredName
CD40LG,accepted,exact preferredName
CD44,accepted,exact preferredName
CD55,accepted,exact preferredName
CD80,accepted,exact preferredName
CD83,accepted,exact preferredName
CD86,accepted,exact preferredName
CDC25A,accepted,exact preferredName
CDH1,accepted,exact preferredName
CDH5,accepted,exact preferredName
CDK1,accepted,exact preferredName
CDK2,accepted,exact preferredName
CDK4,accepted,exact preferredName
CDK5,accepted,exact preferredName
CDK8,accepted,exact preferredName
CDKN1A,accepted,exact preferredName
CDKN1B,accepted,exact preferredName
CDKN1C,accepted,exact preferredName
CDKN2A,accepted,exact preferredName
CDT1,accepted,exact preferredName
CEBPA,accepted,exact preferredName
CEBPB,accepted,exact preferredName
CELF1,accepted,exact preferredName
CES1,accepted,exact preferredName
CES3,accepted,exact preferredName
CFLAR,accepted,exact preferredName
CFTR,accepted,exact preferredName
CHAT,accepted,exact preferredName
CHEK1,accepted,exact preferredName
CHEK2,accepted,exact preferredName
CHP1,accepted,exact preferredName
CHRM1,accepted,exact preferredName
CHRM2,accepted,exact preferredName
CHRM3,accepted,exact preferredName
CHRM4,accepted,exact preferredName
CHRNA10,accepted,exact preferredName
CHRNA2,accepted,exact preferredName
CHRNA3,accepted,exact preferredName
CHRNA4,accepted,exact preferredName
CHRNA5,accepted,exact preferredName
CHRNA7,accepted,exact preferredName
CHRNA9,accepted,exact preferredName
CHRNB2,accepted,exact preferredName
CHRNB3,accepted,exact preferredName
CHUK,accepted,exact preferredName
CIB2,accepted,exact preferredName
CISD1,accepted,exact preferredName
CKB,accepted,exact preferredName
CKMT1A,accepted,exact preferredName
CLDN1,accepted,exact preferredName
CLDN4,accepted,exact preferredName
CLDN5,accepted,exact preferredName
CLEC4E,accepted,exact preferredName
CLIP1,accepted,exact preferredName
CMA1,accepted,exact preferredName
CNR1,accepted,exact preferredName
CNR2,accepted,exact preferredName
COL11A2,accepted,exact preferredName
COL1A1,accepted,exact preferredName
COL1A2,accepted,exact preferredName
COL3A1,accepted,exact preferredName
COL7A1,accepted,exact preferredName
COMT,accepted,exact preferredName
COX2,excluded,ambiguous symbol: PTGS2/COX-2 versus mitochondrial MT-CO2; excluded
COX3,excluded,no exact or reviewed protein mapping returned by STRING
COX5A,accepted,exact preferredName
COX5B,accepted,exact preferredName
COX6A2,accepted,exact preferredName
COX6B1,accepted,exact preferredName
COX6C,accepted,exact preferredName
COX7B,accepted,exact preferredName
CP,accepted,exact preferredName
CPNE1,accepted,exact preferredName
CPS1,accepted,exact preferredName
CPT1A,accepted,exact preferredName
CPT1B,accepted,exact preferredName
CPT1C,accepted,exact preferredName
CRBN,accepted,exact preferredName
CREB1,accepted,exact preferredName
CRH,accepted,exact preferredName
CRK,accepted,exact preferredName
CRMP1,accepted,exact preferredName
CRP,accepted,exact preferredName
CRTC1,accepted,exact preferredName
CRTC2,accepted,exact preferredName
CRYZ,accepted,exact preferredName
CS,accepted,exact preferredName
CSAD,accepted,exact preferredName
CSF1,accepted,exact preferredName
CSF2,accepted,exact preferredName
CSF3,accepted,exact preferredName
CSK,accepted,exact preferredName
CSRP1,accepted,exact preferredName
CTGF,accepted,reviewed alias -> CCN2
CTNNB1,accepted,exact preferredName
CTRB1,accepted,exact preferredName
CTRC,accepted,exact preferredName
CTSD,accepted,exact preferredName
CTSG,accepted,exact preferredName
CTSK,accepted,exact preferredName
CTSL,accepted,exact preferredName
CTTN,accepted,exact preferredName
CX3CR1,accepted,exact preferredName
CXADR,accepted,exact preferredName
CXCL1,accepted,exact preferredName
CXCL10,accepted,exact preferredName
CXCL13,accepted,exact preferredName
CXCL2,accepted,exact preferredName
CXCL8,accepted,exact preferredName
CXCR4,accepted,exact preferredName
CYB5A,accepted,exact preferredName
CYBA,accepted,exact preferredName
CYBB,accepted,exact preferredName
CYC1,accepted,exact preferredName
CYCS,accepted,exact preferredName
CYP11A1,accepted,exact preferredName
CYP11B1,accepted,exact preferredName
CYP11B2,accepted,exact preferredName
CYP17A1,accepted,exact preferredName
CYP19A1,accepted,exact preferredName
CYP1A1,accepted,exact preferredName
CYP1A2,accepted,exact preferredName
CYP1B1,accepted,exact preferredName
CYP21A2,accepted,exact preferredName
CYP24A1,accepted,exact preferredName
CYP26C1,accepted,exact preferredName
CYP27B1,accepted,exact preferredName
CYP27C1,accepted,exact preferredName
CYP2A6,accepted,exact preferredName
CYP2C19,accepted,exact preferredName
CYP2C8,accepted,exact preferredName
CYP2C9,accepted,exact preferredName
CYP2D6,accepted,exact preferredName
CYP2E1,accepted,exact preferredName
CYP3A4,accepted,exact preferredName
CYP3A5,accepted,exact preferredName
CYP51A1,accepted,exact preferredName
CYP7A1,accepted,exact preferredName
CYP7B1,accepted,exact preferredName
CYTB,accepted,reviewed alias -> MT-CYB
DAO,accepted,exact preferredName
DBH,accepted,exact preferredName
DBP,accepted,exact preferredName
DCK,accepted,exact preferredName
DDB1,accepted,exact preferredName
DDC,accepted,exact preferredName
DDIT3,accepted,exact preferredName
DDO,accepted,exact preferredName
DGAT1,accepted,exact preferredName
DGKA,accepted,exact preferredName
DGKD,accepted,exact preferredName
DHCR7,accepted,exact preferredName
DHFR,accepted,exact preferredName
DHODH,accepted,exact preferredName
DHRS3,accepted,exact preferredName
DHRS4,accepted,exact preferredName
DIO1,accepted,exact preferredName
DKK1,accepted,exact preferredName
DLG1,accepted,exact preferredName
DLG2,accepted,exact preferredName
DLG3,accepted,exact preferredName
DLG4,accepted,exact preferredName
DMP1,accepted,exact preferredName
DNAJC5,accepted,exact preferredName
DNM1L,accepted,exact preferredName
DNMT1,accepted,exact preferredName
DNMT3B,accepted,exact preferredName
DNPEP,accepted,exact preferredName
DPP4,accepted,exact preferredName
DRD1,accepted,exact preferredName
DRD2,accepted,exact preferredName
DRD3,accepted,exact preferredName
DRD4,accepted,exact preferredName
DRD5,accepted,exact preferredName
DSPP,accepted,exact preferredName
DUOX2,accepted,exact preferredName
DUOXA1,accepted,exact preferredName
DUSP1,accepted,exact preferredName
DYSF,accepted,exact preferredName
E2F1,accepted,exact preferredName
E2F2,accepted,exact preferredName
EBP,accepted,exact preferredName
EDN1,accepted,exact preferredName
EEF2K,accepted,exact preferredName
EGF,accepted,exact preferredName
EGFR,accepted,exact preferredName
EGLN1,accepted,exact preferredName
EGLN3,accepted,exact preferredName
EGR1,accepted,exact preferredName
EIF2A,accepted,exact preferredName
EIF2AK2,accepted,exact preferredName
EIF2S1,accepted,exact preferredName
EIF4E,accepted,exact preferredName
EIF4EBP1,accepted,exact preferredName
EIF4G1,accepted,exact preferredName
ELK1,accepted,exact preferredName
ELOVL2,accepted,exact preferredName
ELOVL4,accepted,exact preferredName
ELOVL5,accepted,exact preferredName
ELOVL6,accepted,exact preferredName
ENPP7,accepted,exact preferredName
EPHB6,accepted,exact preferredName
EPOR,accepted,exact preferredName
ERBB2,accepted,exact preferredName
ERBB3,accepted,exact preferredName
EREG,accepted,exact preferredName
ERN1,accepted,exact preferredName
ESR1,accepted,exact preferredName
ESR2,accepted,exact preferredName
ESRRA,accepted,exact preferredName
ESRRB,accepted,exact preferredName
ESRRG,accepted,exact preferredName
F10,accepted,exact preferredName
F12,accepted,exact preferredName
F2,accepted,exact preferredName
F2RL1,accepted,exact preferredName
F3,accepted,exact preferredName
F7,accepted,exact preferredName
FABP1,accepted,exact preferredName
FABP2,accepted,exact preferredName
FABP3,accepted,exact preferredName
FABP4,accepted,exact preferredName
FABP5,accepted,exact preferredName
FABP7,accepted,exact preferredName
FADS1,accepted,exact preferredName
FADS2,accepted,exact preferredName
FAS,accepted,exact preferredName
FASLG,accepted,exact preferredName
FASN,accepted,exact preferredName
FBP1,accepted,exact preferredName
FCER1A,accepted,exact preferredName
FDPS,accepted,exact preferredName
FEN1,accepted,exact preferredName
FGB,accepted,exact preferredName
FGF1,accepted,exact preferredName
FGF2,accepted,exact preferredName
FGF23,accepted,exact preferredName
FGF4,accepted,exact preferredName
FGFR2,accepted,exact preferredName
FKBP1A,accepted,exact preferredName
FKRP,accepted,exact preferredName
FN1,accepted,exact preferredName
FOS,accepted,exact preferredName
FOSL1,accepted,exact preferredName
FOSL2,accepted,exact preferredName
FOXM1,accepted,exact preferredName
FOXO1,accepted,exact preferredName
FOXO3,accepted,exact preferredName
FOXP3,accepted,exact preferredName
FSHR,accepted,exact preferredName
FTCD,accepted,exact preferredName
FTH1,accepted,exact preferredName
FTL,accepted,exact preferredName
FURIN,accepted,exact preferredName
FUS,accepted,exact preferredName
FXN,accepted,exact preferredName
GAA,accepted,exact preferredName
GABBR1,accepted,exact preferredName
GABRA1,accepted,exact preferredName
GABRA2,accepted,exact preferredName
GABRA3,accepted,exact preferredName
GABRA4,accepted,exact preferredName
GABRA5,accepted,exact preferredName
GABRA6,accepted,exact preferredName
GABRB1,accepted,exact preferredName
GABRB2,accepted,exact preferredName
GABRB3,accepted,exact preferredName
GABRD,accepted,exact preferredName
GABRE,accepted,exact preferredName
GABRG1,accepted,exact preferredName
GABRG2,accepted,exact preferredName
GABRG3,accepted,exact preferredName
GABRP,accepted,exact preferredName
GABRQ,accepted,exact preferredName
GABRR1,accepted,exact preferredName
GABRR3,accepted,exact preferredName
GAD1,accepted,exact preferredName
GAMT,accepted,exact preferredName
GANAB,accepted,exact preferredName
GAP43,accepted,exact preferredName
GAS6,accepted,exact preferredName
GATM,accepted,exact preferredName
GCA,accepted,exact preferredName
GCAT,accepted,exact preferredName
GCG,accepted,exact preferredName
GCK,accepted,exact preferredName
GCLC,accepted,exact preferredName
GCLM,accepted,exact preferredName
GDNF,accepted,exact preferredName
GFAP,accepted,exact preferredName
GGCX,accepted,exact preferredName
GGPS1,accepted,exact preferredName
GJA1,accepted,exact preferredName
GK,accepted,exact preferredName
GLA,accepted,exact preferredName
GLB1,accepted,exact preferredName
GLDC,accepted,exact preferredName
GLI1,accepted,exact preferredName
GLO1,accepted,exact preferredName
GLP1R,accepted,exact preferredName
GLRA1,accepted,exact preferredName
GLRA2,accepted,exact preferredName
GLRA3,accepted,exact preferredName
GLRB,accepted,exact preferredName
GLUD1,accepted,exact preferredName
GLUL,accepted,exact preferredName
GLYAT,accepted,exact preferredName
GM2A,accepted,exact preferredName
GNMT,accepted,exact preferredName
GOT1,accepted,exact preferredName
GOT2,accepted,exact preferredName
GP1BA,accepted,exact preferredName
GP6,accepted,exact preferredName
GPBAR1,accepted,exact preferredName
GPD1,accepted,exact preferredName
GPER1,accepted,exact preferredName
GPR12,accepted,exact preferredName
GPR18,accepted,exact preferredName
GPR35,accepted,exact preferredName
GPR83,accepted,exact preferredName
GPRC5A,accepted,exact preferredName
GPT2,accepted,exact preferredName
GRIA1,accepted,exact preferredName
GRIA2,accepted,exact preferredName
GRIA4,accepted,exact preferredName
GRIK1,accepted,exact preferredName
GRIK2,accepted,exact preferredName
GRIN1,accepted,exact preferredName
GRIN2A,accepted,exact preferredName
GRIN2B,accepted,exact preferredName
GRIN2C,accepted,exact preferredName
GRIN2D,accepted,exact preferredName
GRIN3A,accepted,exact preferredName
GRIN3B,accepted,exact preferredName
GRM5,accepted,exact preferredName
GSK3A,accepted,exact preferredName
GSK3B,accepted,exact preferredName
GSR,accepted,exact preferredName
GSS,accepted,exact preferredName
GSTA2,accepted,exact preferredName
GSTK1,accepted,exact preferredName
GSTM1,accepted,exact preferredName
GSTM2,accepted,exact preferredName
GSTM3,accepted,exact preferredName
GSTP1,accepted,exact preferredName
GSTT1,excluded,no exact or reviewed protein mapping returned by STRING
GSTZ1,accepted,exact preferredName
GUSB,accepted,exact preferredName
GYPA,accepted,exact preferredName
HAMP,accepted,exact preferredName
HAS2,accepted,exact preferredName
HBA1,accepted,exact preferredName
HBA2,accepted,exact preferredName
HBB,accepted,exact preferredName
HCAR2,accepted,exact preferredName
HCN2,accepted,exact preferredName
HCN4,accepted,exact preferredName
HCRT,accepted,exact preferredName
HCRTR1,accepted,exact preferredName
HCRTR2,accepted,exact preferredName
HDAC1,accepted,exact preferredName
HDAC10,accepted,exact preferredName
HDAC11,accepted,exact preferredName
HDAC2,accepted,exact preferredName
HDAC3,accepted,exact preferredName
HDAC4,accepted,exact preferredName
HDAC5,accepted,exact preferredName
HDAC6,accepted,exact preferredName
HDAC7,accepted,exact preferredName
HDAC8,accepted,exact preferredName
HERC5,accepted,exact preferredName
HGF,accepted,exact preferredName
HIF1A,accepted,exact preferredName
HIF1AN,accepted,exact preferredName
HINT1,accepted,exact preferredName
HK2,accepted,exact preferredName
HLA-B,accepted,exact preferredName
HMGB1,accepted,exact preferredName
HMGCR,accepted,exact preferredName
HMOX1,accepted,exact preferredName
HNF1A,accepted,exact preferredName
HNF4A,accepted,exact preferredName
HNF4G,accepted,exact preferredName
HNRNPA1,accepted,exact preferredName
HOTAIR,excluded,non-protein RNA; outside PPI node scope
HOXA10,accepted,exact preferredName
HPRT1,accepted,exact preferredName
HRH1,accepted,exact preferredName
HRH3,accepted,exact preferredName
HSD11B1,accepted,exact preferredName
HSD17B2,accepted,exact preferredName
HSD3B1,accepted,exact preferredName
HSD3B2,accepted,exact preferredName
HSF1,accepted,exact preferredName
HSP90AA1,accepted,exact preferredName
HSP90AB1,accepted,exact preferredName
HSPA1B,accepted,exact preferredName
HSPA4,accepted,exact preferredName
HSPA5,accepted,exact preferredName
HSPB1,accepted,exact preferredName
HTR1A,accepted,exact preferredName
HTR1B,accepted,exact preferredName
HTR1D,accepted,exact preferredName
HTR2A,accepted,exact preferredName
HTR2B,accepted,exact preferredName
HTR2C,accepted,exact preferredName
HTR3A,accepted,exact preferredName
HTR4,accepted,exact preferredName
HTR6,accepted,exact preferredName
HTR7,accepted,exact preferredName
HVCN1,accepted,exact preferredName
ICAM1,accepted,exact preferredName
ICAM2,accepted,exact preferredName
IDE,accepted,exact preferredName
IDO1,accepted,exact preferredName
IFNG,accepted,exact preferredName
IGF1,accepted,exact preferredName
IGF1R,accepted,exact preferredName
IGF2,accepted,exact preferredName
IGFBP3,accepted,exact preferredName
IGFBP6,accepted,exact preferredName
IGHG1,excluded,no exact or reviewed protein mapping returned by STRING
IGSF10,accepted,exact preferredName
IKBKB,accepted,exact preferredName
IL10,accepted,exact preferredName
IL17A,accepted,exact preferredName
IL18,accepted,exact preferredName
IL1A,accepted,exact preferredName
IL1B,accepted,exact preferredName
IL1RN,accepted,exact preferredName
IL2,accepted,exact preferredName
IL33,accepted,exact preferredName
IL36A,accepted,exact preferredName
IL36B,accepted,exact preferredName
IL4,accepted,exact preferredName
IL5,accepted,exact preferredName
IL6,accepted,exact preferredName
IMPDH1,accepted,exact preferredName
IMPDH2,accepted,exact preferredName
INS,accepted,exact preferredName
INSR,accepted,exact preferredName
IRAK1,accepted,exact preferredName
IRF1,accepted,exact preferredName
ISYNA1,accepted,exact preferredName
ITGA5,accepted,exact preferredName
ITGAL,accepted,exact preferredName
ITGB3,accepted,exact preferredName
ITIH1,accepted,exact preferredName
ITPR1,accepted,exact preferredName
ITPR2,accepted,exact preferredName
ITPR3,accepted,exact preferredName
JAK2,accepted,exact preferredName
JDP2,accepted,exact preferredName
JMJD6,accepted,exact preferredName
JUN,accepted,exact preferredName
JUNB,accepted,exact preferredName
KCNA1,accepted,exact preferredName
KCNA3,accepted,exact preferredName
KCNA4,accepted,exact preferredName
KCNA5,accepted,exact preferredName
KCNC2,accepted,exact preferredName
KCNC3,accepted,exact preferredName
KCND1,accepted,exact preferredName
KCND2,accepted,exact preferredName
KCND3,accepted,exact preferredName
KCNE2,accepted,exact preferredName
KCNH2,accepted,exact preferredName
KCNH6,accepted,exact preferredName
KCNH7,accepted,exact preferredName
KCNJ1,accepted,exact preferredName
KCNJ10,accepted,exact preferredName
KCNJ11,accepted,exact preferredName
KCNJ14,accepted,exact preferredName
KCNJ15,accepted,exact preferredName
KCNJ2,accepted,exact preferredName
KCNJ5,accepted,exact preferredName
KCNJ6,accepted,exact preferredName
KCNJ8,accepted,exact preferredName
KCNJ9,accepted,exact preferredName
KCNK1,accepted,exact preferredName
KCNK6,accepted,exact preferredName
KCNMA1,accepted,exact preferredName
KCNMB4,accepted,exact preferredName
KCNN2,accepted,exact preferredName
KCNN4,accepted,exact preferredName
KCNQ2,accepted,exact preferredName
KDM1A,accepted,exact preferredName
KDR,accepted,exact preferredName
KEAP1,accepted,exact preferredName
KHK,accepted,exact preferredName
KIT,accepted,exact preferredName
KLF4,accepted,exact preferredName
KLF7,accepted,exact preferredName
KLK1,accepted,exact preferredName
KLK3,accepted,exact preferredName
KLK5,accepted,exact preferredName
KRAS,accepted,exact preferredName
KRT18,accepted,exact preferredName
KRT2,accepted,exact preferredName
KYNU,accepted,exact preferredName
LACTB,accepted,exact preferredName
LALBA,accepted,exact preferredName
LBP,accepted,exact preferredName
LCN2,accepted,exact preferredName
LCP1,accepted,exact preferredName
LDLR,accepted,exact preferredName
LEF1,accepted,exact preferredName
LGALS1,accepted,exact preferredName
LGALS3,accepted,exact preferredName
LIPG,accepted,exact preferredName
LMNB1,accepted,exact preferredName
LPCAT1,accepted,exact preferredName
LPCAT2,accepted,exact preferredName
LPL,accepted,exact preferredName
LPO,accepted,exact preferredName
LRAT,accepted,exact preferredName
LRIG1,accepted,exact preferredName
LRP5,accepted,exact preferredName
LTA4H,accepted,exact preferredName
LTF,accepted,exact preferredName
LY96,accepted,exact preferredName
LYN,accepted,exact preferredName
LYZ,accepted,exact preferredName
MAOA,accepted,exact preferredName
MAOB,accepted,exact preferredName
MAP1LC3A,accepted,exact preferredName
MAP1LC3B,accepted,exact preferredName
MAP2,accepted,exact preferredName
MAP2K1,accepted,exact preferredName
MAP2K5,accepted,exact preferredName
MAP2K7,accepted,exact preferredName
MAP3K5,accepted,exact preferredName
MAP3K7,accepted,exact preferredName
MAP4,accepted,exact preferredName
MAPK1,accepted,exact preferredName
MAPK11,accepted,exact preferredName
MAPK13,accepted,exact preferredName
MAPK14,accepted,exact preferredName
MAPK3,accepted,exact preferredName
MAPK8,accepted,exact preferredName
MAPK8IP1,accepted,exact preferredName
MAPK9,accepted,exact preferredName
MAPT,accepted,exact preferredName
MARK4,accepted,exact preferredName
MB,accepted,exact preferredName
MCL1,accepted,exact preferredName
MCU,accepted,exact preferredName
MDH2,accepted,exact preferredName
MDM2,accepted,exact preferredName
MECP2,accepted,exact preferredName
MEG3,excluded,non-protein RNA; outside PPI node scope
METTL3,accepted,exact preferredName
MGAM,accepted,exact preferredName
MGLL,accepted,exact preferredName
MGST1,accepted,exact preferredName
MIR206,excluded,non-protein RNA; outside PPI node scope
MIR21,excluded,non-protein RNA; outside PPI node scope
MIR22,excluded,non-protein RNA; outside PPI node scope
MIR29B1,excluded,non-protein RNA; outside PPI node scope
MIR30A,excluded,non-protein RNA; outside PPI node scope
MIR34A,excluded,non-protein RNA; outside PPI node scope
MIRLET7I,excluded,non-protein RNA; outside PPI node scope
MITF,accepted,exact preferredName
MLXIPL,accepted,exact preferredName
MMP1,accepted,exact preferredName
MMP10,accepted,exact preferredName
MMP11,accepted,exact preferredName
MMP13,accepted,exact preferredName
MMP2,accepted,exact preferredName
MMP3,accepted,exact preferredName
MMP9,accepted,exact preferredName
MOCOS,accepted,exact preferredName
MPO,accepted,exact preferredName
MRC1,accepted,exact preferredName
MSI1,accepted,exact preferredName
MT1X,accepted,exact preferredName
MT2A,accepted,exact preferredName
MTOR,accepted,exact preferredName
MTTP,accepted,exact preferredName
MUC5AC,accepted,exact preferredName
MYB,accepted,exact preferredName
MYC,accepted,exact preferredName
MYD88,accepted,exact preferredName
MYH6,accepted,exact preferredName
MYH7,accepted,exact preferredName
MYLK,accepted,exact preferredName
NAAA,accepted,exact preferredName
NAGA,accepted,exact preferredName
NANOG,accepted,exact preferredName
NCF1,accepted,exact preferredName
NCF2,accepted,exact preferredName
NCF4,accepted,exact preferredName
NCOA2,accepted,exact preferredName
NCOA6,accepted,exact preferredName
NDUFS3,accepted,exact preferredName
NDUFV2,accepted,exact preferredName
NDUFV3,accepted,exact preferredName
NEDD4L,accepted,exact preferredName
NEIL1,accepted,exact preferredName
NEU1,accepted,exact preferredName
NFATC1,accepted,exact preferredName
NFATC2,accepted,exact preferredName
NFATC3,accepted,exact preferredName
NFATC4,accepted,exact preferredName
NFE2L2,accepted,exact preferredName
NFKB1,accepted,exact preferredName
NFKB2,accepted,exact preferredName
NFKBIA,accepted,exact preferredName
NFKBIE,accepted,exact preferredName
NGF,accepted,exact preferredName
NISCH,accepted,exact preferredName
NKX3-1,accepted,exact preferredName
NLN,accepted,exact preferredName
NLRP3,accepted,exact preferredName
NNMT,accepted,exact preferredName
NNT,accepted,exact preferredName
NOD2,accepted,exact preferredName
NOMO1,accepted,exact preferredName
NOS1,accepted,exact preferredName
NOS2,accepted,exact preferredName
NOS3,accepted,exact preferredName
NOTCH1,accepted,exact preferredName
NOX1,accepted,exact preferredName
NOX4,accepted,exact preferredName
NPEPPS,accepted,exact preferredName
NPPA,accepted,exact preferredName
NPPB,accepted,exact preferredName
NPR1,accepted,exact preferredName
NPY,accepted,exact preferredName
NQO1,accepted,exact preferredName
NQO2,accepted,exact preferredName
NR1H2,accepted,exact preferredName
NR1H3,accepted,exact preferredName
NR1H4,accepted,exact preferredName
NR1I2,accepted,exact preferredName
NR1I3,accepted,exact preferredName
NR3C1,accepted,exact preferredName
NR3C2,accepted,exact preferredName
NR4A1,accepted,exact preferredName
NRF1,accepted,exact preferredName
NRP1,accepted,exact preferredName
NRXN1,accepted,exact preferredName
NSFL1C,accepted,exact preferredName
NTRK1,accepted,exact preferredName
NTRK2,accepted,exact preferredName
NUF2,accepted,exact preferredName
OARD1,accepted,exact preferredName
OAT,accepted,exact preferredName
OAZ1,accepted,exact preferredName
ODC1,accepted,exact preferredName
OLR1,accepted,exact preferredName
OPA1,accepted,exact preferredName
OPRD1,accepted,exact preferredName
OPRK1,excluded,no exact or reviewed protein mapping returned by STRING
OPRL1,excluded,no exact or reviewed protein mapping returned by STRING
OPRM1,accepted,exact preferredName
OR51E1,accepted,exact preferredName
ORM1,accepted,exact preferredName
ORM2,accepted,exact preferredName
P2RX4,accepted,exact preferredName
P2RX7,accepted,exact preferredName
P4HB,accepted,exact preferredName
PAEP,accepted,exact preferredName
PAM,accepted,exact preferredName
PAPSS1,accepted,exact preferredName
PAPSS2,accepted,exact preferredName
PARK7,accepted,exact preferredName
PARP1,accepted,exact preferredName
PBK,accepted,exact preferredName
PCNA,accepted,exact preferredName
PCOLCE,accepted,exact preferredName
PCYT1A,accepted,exact preferredName
PCYT1B,accepted,exact preferredName
PDE10A,accepted,exact preferredName
PDE1B,accepted,exact preferredName
PDE2A,accepted,exact preferredName
PDE3B,accepted,exact preferredName
PDE4A,accepted,exact preferredName
PDE4B,accepted,exact preferredName
PDE4D,accepted,exact preferredName
PDE5A,accepted,exact preferredName
PDE6C,accepted,exact preferredName
PDE7B,accepted,exact preferredName
PDK1,accepted,exact preferredName
PDXK,accepted,exact preferredName
PECR,accepted,exact preferredName
PEMT,accepted,exact preferredName
PENK,accepted,exact preferredName
PFAS,accepted,exact preferredName
PGP,accepted,exact preferredName
PGR,accepted,exact preferredName
PGRMC1,accepted,exact preferredName
PHB2,accepted,exact preferredName
PHOSPHO1,accepted,exact preferredName
PHOSPHO2,accepted,exact preferredName
PIGK,accepted,exact preferredName
PIK3CA,accepted,exact preferredName
PIK3CD,accepted,exact preferredName
PIK3R1,accepted,exact preferredName
PIM1,accepted,exact preferredName
PKD1,accepted,exact preferredName
PKD2,accepted,exact preferredName
PKIA,accepted,exact preferredName
PLA2G2A,accepted,exact preferredName
PLA2G2D,accepted,exact preferredName
PLA2G4A,accepted,exact preferredName
PLA2G7,accepted,exact preferredName
PLAT,accepted,exact preferredName
PLAU,accepted,exact preferredName
PLB1,accepted,exact preferredName
PLD1,accepted,exact preferredName
PLD2,accepted,exact preferredName
PLEK,accepted,exact preferredName
PLG,accepted,exact preferredName
PLK4,accepted,exact preferredName
PLSCR1,accepted,exact preferredName
PNP,accepted,exact preferredName
PNPLA2,accepted,exact preferredName
PNRC2,accepted,exact preferredName
POLA1,accepted,exact preferredName
POLB,accepted,exact preferredName
POLDIP2,accepted,exact preferredName
POLE,accepted,exact preferredName
POLE4,accepted,exact preferredName
POMC,accepted,exact preferredName
PON1,accepted,exact preferredName
PON2,accepted,exact preferredName
POR,accepted,exact preferredName
PORCN,accepted,exact preferredName
POU5F1,accepted,exact preferredName
PPARA,accepted,exact preferredName
PPARD,accepted,exact preferredName
PPARG,accepted,exact preferredName
PPARGC1A,accepted,exact preferredName
PPIA,accepted,exact preferredName
PPID,accepted,exact preferredName
PPIF,accepted,exact preferredName
PPP2CA,accepted,exact preferredName
PPP2CB,accepted,exact preferredName
PPP3CA,accepted,exact preferredName
PPP3R1,accepted,exact preferredName
PPT1,accepted,exact preferredName
PRDX1,accepted,exact preferredName
PRDX2,accepted,exact preferredName
PRDX5,accepted,exact preferredName
PRKAA1,accepted,exact preferredName
PRKAA2,accepted,exact preferredName
PRKAB1,accepted,exact preferredName
PRKAB2,accepted,exact preferredName
PRKACA,accepted,exact preferredName
PRKAG2,accepted,exact preferredName
PRKCA,accepted,exact preferredName
PRKCB,accepted,exact preferredName
PRKCD,accepted,exact preferredName
PRKCE,accepted,exact preferredName
PRKCG,accepted,exact preferredName
PRKCI,accepted,exact preferredName
PRKCZ,accepted,exact preferredName
PRKDC,accepted,exact preferredName
PRL,accepted,exact preferredName
PRMT3,accepted,exact preferredName
PROC,accepted,exact preferredName
PROM1,accepted,exact preferredName
PROS1,accepted,exact preferredName
PRSS1,accepted,exact preferredName
PSMD11,accepted,exact preferredName
PTAFR,accepted,exact preferredName
PTEN,accepted,exact preferredName
PTGDR2,accepted,exact preferredName
PTGDS,accepted,exact preferredName
PTGER1,accepted,exact preferredName
PTGER2,accepted,exact preferredName
PTGER3,accepted,exact preferredName
PTGER4,accepted,exact preferredName
PTGES2,accepted,exact preferredName
PTGFR,accepted,exact preferredName
PTGIS,accepted,exact preferredName
PTGR1,accepted,exact preferredName
PTGS1,accepted,exact preferredName
PTGS2,accepted,exact preferredName
PTH,accepted,exact preferredName
PTK2,accepted,exact preferredName
PTK2B,accepted,exact preferredName
PTP4A1,accepted,exact preferredName
PTPN1,accepted,exact preferredName
PTPN11,accepted,exact preferredName
PTPN6,accepted,exact preferredName
PTX3,accepted,exact preferredName
PYGM,accepted,exact preferredName
QPRT,accepted,exact preferredName
RAB5A,accepted,exact preferredName
RAB9A,accepted,exact preferredName
RAC1,accepted,exact preferredName
RAC2,accepted,exact preferredName
RAF1,accepted,exact preferredName
RAPGEF4,accepted,exact preferredName
RARA,accepted,exact preferredName
RARB,accepted,exact preferredName
RARG,accepted,exact preferredName
RARRES1,accepted,exact preferredName
RASA1,accepted,exact preferredName
RASGRF1,accepted,exact preferredName
RASSF1,accepted,exact preferredName
RB1,accepted,exact preferredName
RBL1,accepted,exact preferredName
RBP1,accepted,exact preferredName
RBP2,accepted,exact preferredName
RBP4,accepted,exact preferredName
RBP7,accepted,exact preferredName
RCAN1,accepted,exact preferredName
RDH11,accepted,exact preferredName
RDH12,accepted,exact preferredName
RDH5,accepted,exact preferredName
RELA,accepted,exact preferredName
REN,accepted,exact preferredName
RETSAT,accepted,exact preferredName
RGN,accepted,exact preferredName
RHO,accepted,exact preferredName
RHOA,accepted,exact preferredName
RIPK1,accepted,exact preferredName
RNASE1,accepted,exact preferredName
RNASE4,accepted,exact preferredName
RORA,accepted,exact preferredName
ROS1,accepted,exact preferredName
RPL17,accepted,exact preferredName
RPS6KA3,accepted,exact preferredName
RPS6KB1,accepted,exact preferredName
RRM1,accepted,exact preferredName
RRM2B,accepted,exact preferredName
RTCB,accepted,exact preferredName
RUNX1T1,accepted,exact preferredName
RUNX2,accepted,exact preferredName
RUNX3,accepted,exact preferredName
RXRA,accepted,exact preferredName
RXRB,accepted,exact preferredName
RXRG,accepted,exact preferredName
RYR1,accepted,exact preferredName
RYR2,accepted,exact preferredName
S100A13,accepted,exact preferredName
S100A7,accepted,exact preferredName
S100A7A,accepted,exact preferredName
S100A8,accepted,exact preferredName
SCARB1,accepted,exact preferredName
SCD,accepted,exact preferredName
SCN11A,accepted,exact preferredName
SCN1A,accepted,exact preferredName
SCN1B,accepted,exact preferredName
SCN2A,accepted,exact preferredName
SCN2B,accepted,exact preferredName
SCN4B,accepted,exact preferredName
SCN5A,accepted,exact preferredName
SCN8A,accepted,exact preferredName
SCNN1A,accepted,exact preferredName
SDHA,accepted,exact preferredName
SEC14L2,accepted,exact preferredName
SEC14L3,accepted,exact preferredName
SELE,accepted,exact preferredName
SELP,accepted,exact preferredName
SEMA3A,accepted,exact preferredName
SERPINB9,accepted,exact preferredName
SERPINE1,accepted,exact preferredName
SFN,accepted,exact preferredName
SH3BP5,accepted,exact preferredName
SHANK1,accepted,exact preferredName
SHBG,accepted,exact preferredName
SHH,accepted,exact preferredName
SHMT1,accepted,exact preferredName
SIGMAR1,accepted,exact preferredName
SIRT1,accepted,exact preferredName
SIRT2,accepted,exact preferredName
SIRT3,accepted,exact preferredName
SIRT6,accepted,exact preferredName
SKP2,accepted,exact preferredName
SLC10A1,accepted,exact preferredName
SLC11A1,accepted,exact preferredName
SLC11A2,accepted,exact preferredName
SLC15A1,accepted,exact preferredName
SLC16A1,accepted,exact preferredName
SLC18A2,accepted,exact preferredName
SLC1A3,accepted,exact preferredName
SLC1A6,accepted,exact preferredName
SLC25A13,accepted,exact preferredName
SLC29A1,accepted,exact preferredName
SLC29A2,accepted,exact preferredName
SLC2A1,accepted,exact preferredName
SLC2A2,accepted,exact preferredName
SLC2A4,accepted,exact preferredName
SLC47A1,accepted,exact preferredName
SLC5A1,accepted,exact preferredName
SLC5A5,accepted,exact preferredName
SLC6A2,accepted,exact preferredName
SLC6A3,accepted,exact preferredName
SLC6A4,accepted,exact preferredName
SLC6A8,accepted,exact preferredName
SLC7A1,accepted,exact preferredName
SLC7A2,accepted,exact preferredName
SLC7A4,accepted,exact preferredName
SLC8A1,accepted,exact preferredName
SLC8A2,accepted,exact preferredName
SLCO1A2,accepted,exact preferredName
SLCO1B1,accepted,exact preferredName
SLCO2B1,accepted,exact preferredName
SLPI,accepted,exact preferredName
SMAD1,accepted,exact preferredName
SMAD2,accepted,exact preferredName
SMAD3,accepted,exact preferredName
SMAD7,accepted,exact preferredName
SMO,accepted,exact preferredName
SNAI1,accepted,exact preferredName
SNAI2,accepted,exact preferredName
SNCA,accepted,exact preferredName
SOAT1,accepted,exact preferredName
SOCS3,accepted,exact preferredName
SOD1,accepted,exact preferredName
SOD2,accepted,exact preferredName
SOX2,accepted,exact preferredName
SOX9,accepted,exact preferredName
SPI1,accepted,exact preferredName
SPP1,accepted,exact preferredName
SQLE,accepted,exact preferredName
SRC,accepted,exact preferredName
SRD5A2,accepted,exact preferredName
SREBF1,accepted,exact preferredName
SREBF2,accepted,exact preferredName
SRI,accepted,exact preferredName
SRPK1,accepted,exact preferredName
SRPK2,accepted,exact preferredName
SRPK3,accepted,exact preferredName
SRR,accepted,exact preferredName
SSTR5,accepted,exact preferredName
ST6GAL2,accepted,exact preferredName
STAT1,accepted,exact preferredName
STAT3,accepted,exact preferredName
STAT4,accepted,exact preferredName
STAT5A,accepted,exact preferredName
STAT5B,accepted,exact preferredName
STXBP1,accepted,exact preferredName
SULT1A1,accepted,exact preferredName
SULT1E1,accepted,exact preferredName
SULT2A1,accepted,exact preferredName
SYK,accepted,exact preferredName
SYP,accepted,exact preferredName
SYT1,accepted,exact preferredName
TAAR1,accepted,exact preferredName
TAC1,accepted,exact preferredName
TACR1,accepted,exact preferredName
TACR3,accepted,exact preferredName
TAT,accepted,exact preferredName
TBK1,accepted,exact preferredName
TEK,accepted,exact preferredName
TEP1,accepted,exact preferredName
TF,accepted,exact preferredName
TFAM,accepted,exact preferredName
TFEB,accepted,exact preferredName
TFF1,accepted,exact preferredName
TFF2,accepted,exact preferredName
TFR2,accepted,exact preferredName
TFRC,accepted,exact preferredName
TG,accepted,exact preferredName
TGFA,accepted,exact preferredName
TGFB1,accepted,exact preferredName
TGM2,accepted,exact preferredName
TH,accepted,exact preferredName
THBD,accepted,exact preferredName
THBS1,accepted,exact preferredName
THRB,accepted,exact preferredName
TIGAR,accepted,exact preferredName
TIMP1,accepted,exact preferredName
TIMP2,accepted,exact preferredName
TJP1,accepted,exact preferredName
TLR2,accepted,exact preferredName
TLR4,accepted,exact preferredName
TNF,accepted,exact preferredName
TNFAIP6,accepted,exact preferredName
TNFRSF10B,accepted,exact preferredName
TNFRSF11B,accepted,exact preferredName
TNFRSF1A,accepted,exact preferredName
TNFRSF9,accepted,exact preferredName
TNFSF11,accepted,exact preferredName
TNNI3,accepted,exact preferredName
TOMM70A,accepted,reviewed alias -> TOMM70
TOP1,accepted,exact preferredName
TOP2A,accepted,exact preferredName
TOP2B,accepted,exact preferredName
TP53,accepted,exact preferredName
TP73,accepted,exact preferredName
TPH1,accepted,exact preferredName
TPMT,accepted,exact preferredName
TPO,accepted,exact preferredName
TRAF2,accepted,exact preferredName
TRAF6,accepted,exact preferredName
TRAPPC3,accepted,exact preferredName
TRPA1,accepted,exact preferredName
TRPC5,accepted,exact preferredName
TRPM3,accepted,exact preferredName
TRPM4,accepted,exact preferredName
TRPM7,accepted,exact preferredName
TRPV1,accepted,exact preferredName
TRPV2,accepted,exact preferredName
TRPV3,accepted,exact preferredName
TRPV4,accepted,exact preferredName
TTK,accepted,exact preferredName
TUBA1A,accepted,exact preferredName
TUBA1B,accepted,exact preferredName
TUBA1C,accepted,exact preferredName
TUBA4A,accepted,exact preferredName
TUBB,accepted,exact preferredName
TUBB4A,accepted,exact preferredName
TUBB4B,accepted,exact preferredName
TUBD1,accepted,exact preferredName
TUBG1,accepted,exact preferredName
TXN,accepted,exact preferredName
TXNIP,accepted,exact preferredName
TYMS,accepted,exact preferredName
TYR,accepted,exact preferredName
TYRP1,accepted,exact preferredName
UCHL1,accepted,exact preferredName
UCKL1,accepted,exact preferredName
UCP1,accepted,exact preferredName
UCP2,accepted,exact preferredName
UCP3,accepted,exact preferredName
UGT1A1,accepted,exact preferredName
UGT1A3,accepted,exact preferredName
UGT1A9,accepted,exact preferredName
UGT2B28,accepted,exact preferredName
UGT2B4,accepted,exact preferredName
UQCRC1,accepted,exact preferredName
USP10,accepted,exact preferredName
VCAM1,accepted,exact preferredName
VDR,excluded,no exact or reviewed protein mapping returned by STRING
VEGFA,excluded,no exact or reviewed protein mapping returned by STRING
VEGFC,accepted,exact preferredName
VIM,accepted,exact preferredName
VKORC1,accepted,exact preferredName
VKORC1L1,accepted,exact preferredName
VLDLR,accepted,exact preferredName
VTN,accepted,exact preferredName
VWF,accepted,exact preferredName
WARS2,accepted,exact preferredName
WEE1,accepted,exact preferredName
XBP1,accepted,exact preferredName
XDH,accepted,exact preferredName
XIAP,accepted,exact preferredName
XPO1,accepted,exact preferredName
YAP1,accepted,exact preferredName
YARS2,accepted,exact preferredName
YWHAE,accepted,exact preferredName
YWHAZ,accepted,exact preferredName
YY1,accepted,exact preferredName
ZEB1,accepted,exact preferredName
ZEB2,accepted,exact preferredName
