"anchor","pool_rank","gene","degree","betweenness_centrality","match_distance"
"ARG1",1,"HPRT1",20,0.00446123107527427,0.0497229819550843
"ARG1",2,"MECP2",22,0.00469935227699688,0.0542128837228147
"ARG1",3,"GATM",21,0.00518580647318758,0.0791082063213076
"ARG1",4,"NQO1",22,0.00506533864736478,0.082088991464095
"ARG1",5,"DPP4",22,0.00339671573024288,0.0916456052873653
"ARG1",6,"KCNH2",19,0.00491179755418628,0.109019965380612
"ARG1",7,"TRPV1",22,0.00583692287736114,0.111740077155385
"ARG1",8,"PLA2G4A",21,0.00305161619281389,0.118662309481961
"ARG1",9,"SDHA",24,0.00461518647016125,0.134965023789799
"ARG1",10,"SCN1B",24,0.00361338350768992,0.140528130989519
"ARG1",11,"TFRC",19,0.00312051279066531,0.144116729110053
"ARG1",12,"GABBR1",22,0.0065987891396736,0.148648952811225
"ARG1",13,"GCK",19,0.00307184958143673,0.150377985494469
"ARG1",14,"GABRA1",21,0.00735562030744464,0.158216412642615
"ARG1",15,"HK2",18,0.00349667165183286,0.164769767149455
"ARG1",16,"STAT4",23,0.00290916550472187,0.17018966192369
"ARG1",17,"CFTR",25,0.00471381004672238,0.176638449620968
"ARG1",18,"GFAP",25,0.00374190456299897,0.177157371699848
"ARG1",19,"TYMS",21,0.00259179041632257,0.18364405038875
"ARG1",20,"DRD2",23,0.00274279088854636,0.187229809143694
"ARG1",21,"CS",24,0.00285322159339533,0.200317046212738
"ARG1",22,"PTH",19,0.00262864432204269,0.203773310864234
"ARG1",23,"PCNA",24,0.00268600530792083,0.217730933216485
"ARG1",24,"PRKAG2",23,0.00247890169486804,0.225255818138937
"ARG1",25,"NR1H4",22,0.00238538455750141,0.227943467572501
"ARG1",26,"GCLC",20,0.00233778033288412,0.233915378091474
"ARG1",27,"CAMP",17,0.00298013726769461,0.247509815370813
"ARG1",28,"RARA",24,0.00239516151846813,0.257427444714997
"ARG1",29,"XDH",18,0.00247242702740482,0.258837058668137
"ARG1",30,"SCD",20,0.00225616942447773,0.258845773721151
"ARG1",31,"GSR",27,0.00349048899992819,0.25929488921306
"ARG1",32,"GABRG2",20,0.00225135188479095,0.261621725846843
"ARG1",33,"ADRB2",23,0.00226932019410218,0.261955135576846
"ARG1",34,"ABCG2",16,0.00468467465771116,0.269570645044767
"ARG1",35,"MT-CYB",24,0.00232713298506801,0.269619408613248
"ARG1",36,"ADCY1",24,0.00226959090947749,0.277022818500823
"ARG1",37,"TRPV4",21,0.0021686941040001,0.27970401520748
"ARG1",38,"PTGS1",22,0.00217658822836156,0.280718071072119
"ARG1",39,"TAC1",28,0.00429376984112752,0.287560015438172
"ARG1",40,"SLC6A3",23,0.00219040375425152,0.288631062262889
"ARG1",41,"GRM5",19,0.00219757122189193,0.288801992115976
"ARG1",42,"KCNQ2",17,0.00251221593660157,0.289597873799315
"ARG1",43,"ADCY2",22,0.00212458608328812,0.291870622416671
"ARG1",44,"KCNJ11",16,0.00633582488909047,0.294586159697739
"ARG1",45,"XBP1",22,0.00212437242167058,0.29466052982335
"ARG1",46,"AGXT2",19,0.00214918467034359,0.299440643462992
"ARG1",47,"GAD1",27,0.00797280874302149,0.302898373280927
"ARG1",48,"SCN2A",22,0.00205629490725597,0.311413373626201
"ARG1",49,"GABRB3",16,0.00270474075185651,0.315924180911317
"ARG1",50,"ACLY",20,0.0020268276798651,0.31732371908269
"LCN2",1,"BAX",23,0.00110946991648584,0.0423793962435575
"LCN2",2,"BTK",24,0.00122624157395133,0.0433278478660726
"LCN2",3,"SLC6A4",22,0.00116527835440725,0.0497322917925766
"LCN2",4,"AGTR1",22,0.00113717649315333,0.0525420114108409
"LCN2",5,"NOS2",22,0.00126054085987649,0.0575451157996397
"LCN2",6,"ACACA",24,0.00111117386542638,0.0580516059081093
"LCN2",7,"CYP2D6",22,0.0012746131647984,0.0613061831191193
"LCN2",8,"ALDH3A1",22,0.00127692478916539,0.063292170130028
"LCN2",9,"DLG1",22,0.00104590411545439,0.0833748192823029
"LCN2",10,"ACSL1",21,0.00124272079667733,0.0921410345593076
"LCN2",11,"GRIA2",25,0.00129746001101539,0.100669032503201
"LCN2",12,"EIF2AK2",21,0.00133218657035178,0.118413221329556
"LCN2",13,"AURKB",25,0.00134984802029046,0.122943879277565
"LCN2",14,"GOT1",20,0.00125662854037479,0.141832391244069
"LCN2",15,"CYP17A1",26,0.0013365710182806,0.149044536809585
"LCN2",16,"CALR",26,0.0010134548564031,0.152328844272243
"LCN2",17,"CACNA1B",24,0.000948211355508168,0.152936423743023
"LCN2",18,"NPPA",21,0.00144915682394271,0.153806060211676
"LCN2",19,"ALDH1B1",20,0.00102094216094316,0.159925943526855
"LCN2",20,"ACE2",24,0.000897452402917475,0.180248023712363
"LCN2",21,"FABP4",22,0.000894509785022577,0.186166210296866
"LCN2",22,"EIF2S1",19,0.00120861354529008,0.189795575769552
"LCN2",23,"NDUFS3",19,0.00112026181937943,0.192302455268289
"LCN2",24,"ADH5",21,0.00152470146945021,0.199710494064754
"LCN2",25,"VIM",27,0.000972047644247074,0.201256332896038
"LCN2",26,"C3",28,0.00105090286925624,0.207419655877724
"LCN2",27,"ACTG1",22,0.000854280805398979,0.208188807549733
"LCN2",28,"PRKCZ",22,0.00157475283414893,0.208188807549733
"LCN2",29,"RYR2",24,0.00159959744367969,0.216115229729139
"LCN2",30,"PPIF",19,0.000981532705225295,0.219443449909625
"LCN2",31,"CALM2",26,0.000888264500446232,0.223161459718427
"LCN2",32,"COL1A2",21,0.000854081653545208,0.225255818138937
"LCN2",33,"PARK7",26,0.000876730084214591,0.225527560349576
"LCN2",34,"GRIA1",27,0.000936564190781049,0.229340941073071
"LCN2",35,"KEAP1",24,0.00162895944064813,0.22998273913321
"LCN2",36,"NFATC1",27,0.000920848444182727,0.231368092289722
"LCN2",37,"ITGA5",23,0.00165247779668056,0.24297520512973
"LCN2",38,"FURIN",18,0.00122654871546948,0.243427092900745
"LCN2",39,"RYR1",29,0.00133225121132037,0.245367612547777
"LCN2",40,"AKR1C1",22,0.000821561751461643,0.249760524871817
"LCN2",41,"HSD3B2",28,0.000943768262515125,0.252651380804964
"LCN2",42,"GLUD1",21,0.00164606672691976,0.254018863275694
"LCN2",43,"RASA1",19,0.000904333769551579,0.256352191170092
"LCN2",44,"CPT1A",21,0.0008285764234752,0.256660453497618
"LCN2",45,"CYP2C19",27,0.000851212365603615,0.263544767987096
"LCN2",46,"CTSD",18,0.00137386322798733,0.26357934145835
"LCN2",47,"SCN1A",19,0.00154119273288404,0.264082402942485
"LCN2",48,"AKR1D1",19,0.00155306314517278,0.270045265954792
"LCN2",49,"PPARD",20,0.000832974191479721,0.270168570671205
"LCN2",50,"AURKA",30,0.00107601295852334,0.271206221233082
"LTF",1,"AURKB",25,0.00134984802029046,0.0416945862010774
"LTF",2,"GRIA2",25,0.00129746001101539,0.0480953506150957
"LTF",3,"BTK",24,0.00122624157395133,0.0734576201554998
"LTF",4,"CYP17A1",26,0.0013365710182806,0.0801568821717983
"LTF",5,"ALDH3A1",22,0.00127692478916539,0.0942418576892554
"LTF",6,"CYP2D6",22,0.0012746131647984,0.0953784531633748
"LTF",7,"NOS2",22,0.00126054085987649,0.0978569680099294
"LTF",8,"ACACA",24,0.00111117386542638,0.121487602564865
"LTF",9,"RYR2",24,0.00159959744367969,0.129963481813576
"LTF",10,"BAX",23,0.00110946991648584,0.131374114253912
"LTF",11,"EIF2AK2",21,0.00133218657035178,0.133178905185178
"LTF",12,"SLC6A4",22,0.00116527835440725,0.135868557605824
"LTF",13,"NPPA",21,0.00144915682394271,0.139644924319769
"LTF",14,"AGTR1",22,0.00113717649315333,0.140262509811215
"LTF",15,"KEAP1",24,0.00162895944064813,0.144089947228096
"LTF",16,"ACSL1",21,0.00124272079667733,0.148078757131408
"LTF",17,"PRKCZ",22,0.00157475283414893,0.149304252544772
"LTF",18,"ADH5",21,0.00152470146945021,0.164110354649794
"LTF",19,"ITGA5",23,0.00165247779668056,0.166552973118619
"LTF",20,"DLG1",22,0.00104590411545439,0.175524510139028
"LTF",21,"GOT1",20,0.00125662854037479,0.189253349409063
"LTF",22,"RYR1",29,0.00133225121132037,0.189795575769552
"LTF",23,"CALR",26,0.0010134548564031,0.190050548790356
"LTF",24,"GLUD1",21,0.00164606672691976,0.204575393682441
"LTF",25,"ITPR3",27,0.00167811124851176,0.20884671739975
"LTF",26,"C3",28,0.00105090286925624,0.213190923143167
"LTF",27,"BGLAP",24,0.00180657128946621,0.2203728604665
"LTF",28,"CYP11B2",22,0.00177883032500487,0.223763486125265
"LTF",29,"F3",30,0.00142690829110038,0.226051316107708
"LTF",30,"CACNA1B",24,0.000948211355508168,0.228848739715211
"LTF",31,"VIM",27,0.000972047644247074,0.235148949557399
"LTF",32,"SREBF2",26,0.00181832205933908,0.237138270269398
"LTF",33,"ALDH2",23,0.00184765428231664,0.238317845975326
"LTF",34,"ALDH1B1",20,0.00102094216094316,0.242630702515118
"LTF",35,"EIF2S1",19,0.00120861354529008,0.245367612547777
"LTF",36,"CTSK",20,0.00168131189069063,0.252228299364962
"LTF",37,"SCN1A",19,0.00154119273288404,0.253559052612206
"LTF",38,"AKR1D1",19,0.00155306314517278,0.25707626570255
"LTF",39,"ACE2",24,0.000897452402917475,0.257101670544249
"LTF",40,"NDUFS3",19,0.00112026181937943,0.258299838534421
"LTF",41,"TNFSF11",31,0.00142438564965395,0.258499890759114
"LTF",42,"AURKA",30,0.00107601295852334,0.260319419657878
"LTF",43,"SOX9",19,0.00160658959044842,0.27039344236012
"LTF",44,"THBS1",31,0.00120035388474206,0.270569803056285
"LTF",45,"GRIA1",27,0.000936564190781049,0.272640365084142
"LTF",46,"NFATC1",27,0.000920848444182727,0.275190239378084
"LTF",47,"FABP4",22,0.000894509785022577,0.276715143527098
"LTF",48,"AKR1C3",30,0.00167067766207893,0.279140935171625
"LTF",49,"CALM2",26,0.000888264500446232,0.280102176968237
"LTF",50,"PARK7",26,0.000876730084214591,0.2828106172232
